,open_time,open,high,low,close,volume,close_time,qav,num_trades,taker_base_vol,taker_quote_vol,ignore,MA_20,MA_20_std,bollinger_up,bollinger_down
2021-01-08 00:59:59.999,2021-01-07 22:00:00,0.18199,0.18292,0.18,0.18061,89827.2,2021-01-07 22:59:59.999,16274.53090700,129,49488.10000000,8972.24630100,0,,,,
2021-01-08 01:59:59.999,2021-01-07 23:00:00,0.18061,0.18081,0.17331,0.17779,177473.6,2021-01-07 23:59:59.999,31436.43879800,225,74976.20000000,13275.12876300,0,,,,
2021-01-08 02:59:59.999,2021-01-08 00:00:00,0.1776,0.18212,0.17738,0.18,139914.3,2021-01-08 00:59:59.999,25077.15610100,183,76587.60000000,13717.64813100,0,,,,
2021-01-08 03:59:59.999,2021-01-08 01:00:00,0.18001,0.18001,0.17135,0.17923,316666.4,2021-01-08 01:59:59.999,55651.72205900,296,160881.60000000,28176.69639100,0,,,,
2021-01-08 04:59:59.999,2021-01-08 02:00:00,0.17923,0.17924,0.16617,0.1713,402066.7,2021-01-08 02:59:59.999,68610.15642800,453,225322.30000000,38440.32789800,0,,,,
2021-01-08 05:59:59.999,2021-01-08 03:00:00,0.17132,0.18061,0.1713,0.1806,170082.0,2021-01-08 03:59:59.999,30340.86980200,246,87873.60000000,15680.85316100,0,,,,
2021-01-08 06:59:59.999,2021-01-08 04:00:00,0.17839,0.18307,0.17836,0.18145,244362.7,2021-01-08 04:59:59.999,44160.20264900,413,119227.00000000,21567.90534300,0,,,,
2021-01-08 07:59:59.999,2021-01-08 05:00:00,0.18115,0.18296,0.18,0.1801,248884.8,2021-01-08 05:59:59.999,44948.86132700,221,30838.50000000,5600.39764400,0,,,,
2021-01-08 08:59:59.999,2021-01-08 06:00:00,0.18106,0.18116,0.17557,0.18109,210190.4,2021-01-08 06:59:59.999,37619.44072000,237,129188.80000000,23133.42602100,0,,,,
2021-01-08 09:59:59.999,2021-01-08 07:00:00,0.18109,0.19519,0.18109,0.18857,1390488.5,2021-01-08 07:59:59.999,263631.61248200,1636,649473.70000000,123262.63597600,0,,,,
2021-01-08 10:59:59.999,2021-01-08 08:00:00,0.18872,0.18988,0.1816,0.18605,338282.6,2021-01-08 08:59:59.999,62644.51873300,393,183113.00000000,33979.11846900,0,,,,
2021-01-08 11:59:59.999,2021-01-08 09:00:00,0.18605,0.18739,0.18291,0.18499,141103.2,2021-01-08 09:59:59.999,26106.30208000,269,66500.10000000,12348.12325600,0,,,,
2021-01-08 12:59:59.999,2021-01-08 10:00:00,0.18591,0.18827,0.18293,0.1865,300579.4,2021-01-08 10:59:59.999,55944.72389100,311,160078.70000000,29809.45782600,0,,,,
2021-01-08 13:59:59.999,2021-01-08 11:00:00,0.18532,0.18641,0.181,0.1835,237837.6,2021-01-08 11:59:59.999,43534.29422100,272,65961.60000000,12063.94221400,0,,,,
2021-01-08 14:59:59.999,2021-01-08 12:00:00,0.18259,0.18268,0.17913,0.18103,260503.7,2021-01-08 12:59:59.999,47087.67818000,296,122947.10000000,22235.31943100,0,,,,
2021-01-08 15:59:59.999,2021-01-08 13:00:00,0.18121,0.18199,0.17929,0.18193,271125.6,2021-01-08 13:59:59.999,49061.18060200,191,140338.60000000,25391.01750900,0,,,,
2021-01-08 16:59:59.999,2021-01-08 14:00:00,0.18194,0.18342,0.17912,0.17912,218626.8,2021-01-08 14:59:59.999,39652.33201100,192,87013.10000000,15830.51277100,0,,,,
2021-01-08 17:59:59.999,2021-01-08 15:00:00,0.17973,0.18033,0.1766,0.18005,288839.0,2021-01-08 15:59:59.999,51641.47857400,384,190955.30000000,34160.02648200,0,,,,
2021-01-08 18:59:59.999,2021-01-08 16:00:00,0.18007,0.18607,0.17869,0.18556,142935.0,2021-01-08 16:59:59.999,26222.16459900,324,80325.10000000,14680.20402500,0,,,,
2021-01-08 19:59:59.999,2021-01-08 17:00:00,0.18515,0.18687,0.18032,0.18479,438405.8,2021-01-08 17:59:59.999,80504.46248500,315,252118.80000000,46519.46523700,0,0.18171299999999999,0.0038070586795416798,0.18932711735908334,0.17409888264091664
2021-01-08 20:59:59.999,2021-01-08 18:00:00,0.18479,0.188,0.1838,0.18503,215046.5,2021-01-08 18:59:59.999,40036.56855100,224,129472.40000000,24124.99736100,0,0.18193399999999998,0.003867470817771706,0.1896689416355434,0.17419905836445657
2021-01-08 21:59:59.999,2021-01-08 19:00:00,0.18503,0.18873,0.18219,0.18227,246660.9,2021-01-08 19:59:59.999,45850.44630100,375,108518.90000000,20237.72851300,0,0.182158,0.00374254290134676,0.1896430858026935,0.17467291419730646
2021-01-08 22:59:59.999,2021-01-08 20:00:00,0.18227,0.18643,0.17929,0.186,379588.0,2021-01-08 20:59:59.999,68884.84187100,377,236200.20000000,42853.38258200,0,0.182458,0.003800484179680268,0.19005896835936054,0.17485703164063948
2021-01-08 23:59:59.999,2021-01-08 21:00:00,0.18601,0.18651,0.17875,0.18559,224094.0,2021-01-08 21:59:59.999,41097.86549600,254,83220.40000000,15243.52923500,0,0.182776,0.003782208210472879,0.19034041642094576,0.17521158357905423
2021-01-09 00:59:59.999,2021-01-08 22:00:00,0.18559,0.18562,0.1805,0.18219,221862.2,2021-01-08 22:59:59.999,40412.07975200,189,191638.80000000,34886.34304500,0,0.1833205,0.0026607487569044437,0.1886419975138089,0.1779990024861911
2021-01-09 01:59:59.999,2021-01-08 23:00:00,0.1824,0.19199,0.1823,0.19166,213416.2,2021-01-08 23:59:59.999,40273.65042900,237,94372.90000000,17767.38539200,0,0.1838735,0.0031667853117201532,0.1902070706234403,0.17753992937655969
2021-01-09 02:59:59.999,2021-01-09 00:00:00,0.19172,0.1945,0.18125,0.18127,233801.7,2021-01-09 00:59:59.999,44056.36179100,281,113018.70000000,21342.36956200,0,0.1838645,0.0031742823059543604,0.1902130646119087,0.17751593538809127
2021-01-09 03:59:59.999,2021-01-09 01:00:00,0.18127,0.18127,0.1739,0.17928,309973.7,2021-01-09 01:59:59.999,55109.85321700,398,178432.50000000,31798.64408900,0,0.18382349999999997,0.003230266853894367,0.1902840337077887,0.17736296629221124
2021-01-09 04:59:59.999,2021-01-09 02:00:00,0.17856,0.18193,0.17808,0.18072,114460.2,2021-01-09 02:59:59.999,20669.22386000,118,40238.90000000,7273.41383700,0,0.183805,0.003247757931088393,0.19030051586217678,0.17730948413782321
2021-01-09 05:59:59.999,2021-01-09 03:00:00,0.18072,0.18326,0.18008,0.18285,71013.2,2021-01-09 03:59:59.999,12919.65057400,126,38276.80000000,6984.28234600,0,0.183519,0.0030520190038727064,0.1896230380077454,0.17741496199225457
2021-01-09 06:59:59.999,2021-01-09 04:00:00,0.18287,0.18785,0.18225,0.18613,101813.1,2021-01-09 04:59:59.999,18872.88695900,138,55387.70000000,10280.63623400,0,0.183523,0.0030555611079162975,0.1896341222158326,0.1774118777841674
2021-01-09 07:59:59.999,2021-01-09 05:00:00,0.18607,0.18695,0.1788,0.1788,191299.9,2021-01-09 05:59:59.999,34661.83736700,216,67380.30000000,12213.11837600,0,0.18321349999999997,0.0032087992097389276,0.18963109841947784,0.1767959015805221
2021-01-09 08:59:59.999,2021-01-09 06:00:00,0.1801,0.18067,0.17756,0.17781,138912.3,2021-01-09 06:59:59.999,24812.85047000,145,113019.80000000,20177.88953900,0,0.18277899999999997,0.0033265469689818246,0.18943209393796362,0.17612590606203632
2021-01-09 09:59:59.999,2021-01-09 07:00:00,0.17763,0.17909,0.1754,0.17897,133381.2,2021-01-09 07:59:59.999,23799.26270400,175,47198.10000000,8427.62912600,0,0.18255249999999998,0.003427558399057178,0.18940761679811433,0.17569738320188563
2021-01-09 10:59:59.999,2021-01-09 08:00:00,0.17898,0.18065,0.17847,0.18056,117877.7,2021-01-09 08:59:59.999,21143.68579100,164,69275.80000000,12427.25427100,0,0.182529,0.0034401344832953747,0.18940926896659074,0.17564873103340925
2021-01-09 11:59:59.999,2021-01-09 09:00:00,0.18059,0.18348,0.17907,0.18344,115557.7,2021-01-09 09:59:59.999,20986.88596300,188,65849.50000000,11969.55585900,0,0.1826045,0.0034428652005958245,0.18949023040119164,0.17571876959880836
2021-01-09 12:59:59.999,2021-01-09 10:00:00,0.18344,0.185,0.18,0.18108,145108.3,2021-01-09 10:59:59.999,26454.69032300,193,80785.70000000,14732.11376000,0,0.1827025,0.003365485614447443,0.18943347122889487,0.1759715287711051
2021-01-09 13:59:59.999,2021-01-09 11:00:00,0.18091,0.18108,0.17746,0.18098,163957.3,2021-01-09 11:59:59.999,29344.08270200,271,63164.00000000,11330.60041500,0,0.182749,0.0033331775577636123,0.1894153551155272,0.17608264488447278
2021-01-09 14:59:59.999,2021-01-09 12:00:00,0.18097,0.1855,0.1798,0.18535,294166.1,2021-01-09 12:59:59.999,53692.38103900,355,179999.70000000,32818.22807100,0,0.1827385,0.00332417504605912,0.18938685009211823,0.17609014990788177
2021-01-09 15:59:59.999,2021-01-09 13:00:00,0.18532,0.18804,0.18332,0.18332,324058.5,2021-01-09 13:59:59.999,60140.67801300,395,129901.10000000,24121.11560800,0,0.18266500000000002,0.003292528223912925,0.18925005644782586,0.17607994355217418
2021-01-09 16:59:59.999,2021-01-09 14:00:00,0.18332,0.18723,0.1828,0.1859,146417.3,2021-01-09 14:59:59.999,27099.13759100,208,74854.50000000,13863.76591200,0,0.1827085,0.003330941505909331,0.18937038301181866,0.17604661698818133
2021-01-09 17:59:59.999,2021-01-09 15:00:00,0.1857,0.18662,0.18332,0.18453,127603.0,2021-01-09 15:59:59.999,23615.51444100,222,36705.10000000,6798.44250500,0,0.1828215,0.003353540587749649,0.18952858117549928,0.1761144188245007
2021-01-09 18:59:59.999,2021-01-09 16:00:00,0.18453,0.1858,0.18282,0.18282,140324.5,2021-01-09 16:59:59.999,25739.66584400,109,19907.20000000,3654.67896400,0,0.1826625,0.0032692343784214485,0.1892009687568429,0.17612403124315712
2021-01-09 19:59:59.999,2021-01-09 17:00:00,0.18282,0.1848,0.18133,0.18464,71786.6,2021-01-09 17:59:59.999,13091.51833600,107,37407.70000000,6821.53193200,0,0.182615,0.003231140421128842,0.1890772808422577,0.1761527191577423
2021-01-09 20:59:59.999,2021-01-09 18:00:00,0.1845,0.18586,0.18409,0.18481,61494.1,2021-01-09 18:59:59.999,11375.84738700,141,31387.00000000,5808.34350700,0,0.182746,0.0032659268048651807,0.18927785360973035,0.17621414639026964
2021-01-09 21:59:59.999,2021-01-09 19:00:00,0.1848,0.18773,0.18477,0.18661,135888.4,2021-01-09 19:59:59.999,25344.06727300,285,41809.10000000,7805.71439400,0,0.1824935,0.0026838234215191517,0.1878611468430383,0.1771258531569617
2021-01-09 22:59:59.999,2021-01-09 20:00:00,0.1859,0.18721,0.1835,0.18531,108569.8,2021-01-09 20:59:59.999,20070.21039800,247,48615.20000000,9005.35759800,0,0.18269549999999998,0.0027383715387453477,0.18817224307749067,0.1772187569225093
2021-01-09 23:59:59.999,2021-01-09 21:00:00,0.18656,0.18946,0.18538,0.188,168776.8,2021-01-09 21:59:59.999,31706.36896200,356,100747.40000000,18946.41570500,0,0.1831315,0.002857539012949145,0.1888465780258983,0.1774164219741017
2021-01-10 00:59:59.999,2021-01-09 22:00:00,0.18775,0.19043,0.18774,0.18807,189542.6,2021-01-09 22:59:59.999,35799.80503100,375,124851.70000000,23604.69335500,0,0.18349900000000002,0.0030001524522667478,0.1894993049045335,0.17749869509546654
2021-01-10 01:59:59.999,2021-01-09 23:00:00,0.18824,0.18831,0.1793,0.18276,393651.7,2021-01-09 23:59:59.999,72484.45974700,404,125440.70000000,23262.27284900,0,0.1834945,0.0030012444348794408,0.18949698886975888,0.17749201113024113
2021-01-10 02:59:59.999,2021-01-10 00:00:00,0.18301,0.18807,0.18224,0.18779,157221.0,2021-01-10 00:59:59.999,29134.54872700,246,61649.70000000,11482.47587800,0,0.1835775,0.003099317199846322,0.18977613439969265,0.17737886560030736
2021-01-10 03:59:59.999,2021-01-10 01:00:00,0.18737,0.18931,0.18632,0.18716,56084.6,2021-01-10 01:59:59.999,10522.96905300,117,15730.40000000,2952.83752300,0,0.1839955,0.0029826241977934887,0.189960748395587,0.17803025160441302
2021-01-10 04:59:59.999,2021-01-10 02:00:00,0.18716,0.19242,0.18696,0.19226,334741.5,2021-01-10 02:59:59.999,63756.91370000,365,179487.00000000,34233.17045200,0,0.184718,0.0031508254557546835,0.19101965091150935,0.17841634908849063
2021-01-10 05:59:59.999,2021-01-10 03:00:00,0.19103,0.19235,0.19,0.19073,146519.8,2021-01-10 03:59:59.999,27995.84589800,252,65380.00000000,12497.31875500,0,0.18530600000000003,0.0031188398652805703,0.19154367973056116,0.1790683202694389
2021-01-10 06:59:59.999,2021-01-10 04:00:00,0.19073,0.19195,0.19,0.19083,45348.6,2021-01-10 04:59:59.999,8648.17263200,70,24183.60000000,4621.59144600,0,0.18581949999999997,0.0031416765135496806,0.19210285302709934,0.1795361469729006
2021-01-10 07:59:59.999,2021-01-10 05:00:00,0.19084,0.2,0.19039,0.19801,644857.2,2021-01-10 05:59:59.999,126562.36022500,829,333382.20000000,65349.81284100,0,0.186548,0.004103044569200086,0.19475408913840017,0.1783419108615998
2021-01-10 08:59:59.999,2021-01-10 06:00:00,0.198,0.20012,0.19668,0.19788,212443.5,2021-01-10 06:59:59.999,42190.12724000,386,110844.00000000,22053.94049300,0,0.187388,0.004612726788034692,0.19661345357606938,0.17816254642393062
2021-01-10 09:59:59.999,2021-01-10 07:00:00,0.19737,0.20803,0.195,0.204,1025332.9,2021-01-10 07:59:59.999,207502.08164300,1018,520055.30000000,105310.22921800,0,0.188539,0.0056785273294736515,0.1998960546589473,0.17718194534105272
2021-01-10 10:59:59.999,2021-01-10 08:00:00,0.20312,0.20804,0.19756,0.20073,932493.2,2021-01-10 08:59:59.999,190475.19899400,1233,477107.20000000,97558.87445800,0,0.189308,0.006237793638273427,0.20178358727654686,0.17683241272345315
2021-01-10 11:59:59.999,2021-01-10 09:00:00,0.20073,0.20948,0.2,0.208,1512428.1,2021-01-10 09:59:59.999,312635.80132100,1765,807720.10000000,167070.69669100,0,0.190542,0.0073354615253216305,0.20521292305064326,0.17587107694935672
2021-01-10 12:59:59.999,2021-01-10 10:00:00,0.20799,0.2092,0.19779,0.203,882043.8,2021-01-10 10:59:59.999,179636.01236000,1455,447103.40000000,91015.05723200,0,0.19139699999999998,0.007750735177354081,0.20689847035470815,0.17589552964529181
2021-01-10 13:59:59.999,2021-01-10 11:00:00,0.203,0.20414,0.196,0.20316,644275.3,2021-01-10 11:59:59.999,128674.83926900,892,265757.10000000,53274.41396400,0,0.19232849999999999,0.00799757415523116,0.2083236483104623,0.17633335168953768
2021-01-10 14:59:59.999,2021-01-10 12:00:00,0.20247,0.20704,0.19198,0.20519,753532.3,2021-01-10 12:59:59.999,150300.59242000,1045,342687.80000000,68531.38401200,0,0.193447,0.008160393501863962,0.20976778700372795,0.17712621299627207
2021-01-10 15:59:59.999,2021-01-10 13:00:00,0.2052,0.2052,0.1986,0.20083,364674.6,2021-01-10 13:59:59.999,73808.18705100,667,217976.80000000,44139.68767300,0,0.1942565,0.00804293758523591,0.21034237517047183,0.17817062482952817
2021-01-10 16:59:59.999,2021-01-10 14:00:00,0.20083,0.20083,0.1914,0.19369,530964.8,2021-01-10 14:59:59.999,104622.15881700,704,213202.80000000,42069.43356300,0,0.1947005,0.007733147704593074,0.21016679540918615,0.17923420459081385
2021-01-10 17:59:59.999,2021-01-10 15:00:00,0.19387,0.19899,0.19349,0.19647,379333.7,2021-01-10 15:59:59.999,74366.80029700,371,202308.30000000,39607.50705200,0,0.1951935,0.007501030999311501,0.210195561998623,0.180191438001377
2021-01-10 18:59:59.999,2021-01-10 16:00:00,0.19564,0.19695,0.192,0.1938,345962.4,2021-01-10 16:59:59.999,67473.93515100,365,201949.20000000,39474.44396100,0,0.19561800000000001,0.007144000500972498,0.209906001001945,0.18132999899805502
2021-01-10 19:59:59.999,2021-01-10 17:00:00,0.1938,0.1938,0.18511,0.18953,727180.7,2021-01-10 17:59:59.999,138139.97833000,994,330151.60000000,62770.35856500,0,0.1956945,0.007065896207171945,0.2098262924143439,0.1815627075856561
2021-01-10 20:59:59.999,2021-01-10 18:00:00,0.1896,0.19211,0.1846,0.18902,356181.1,2021-01-10 18:59:59.999,66961.20122000,486,166005.30000000,31243.61610800,0,0.195742,0.007014952901518788,0.20977190580303756,0.18171209419696244
2021-01-10 21:59:59.999,2021-01-10 19:00:00,0.18854,0.19743,0.18787,0.18872,209515.2,2021-01-10 19:59:59.999,40106.66130500,201,148059.70000000,28451.76764200,0,0.19604,0.00654531491743687,0.20913062983487374,0.18294937016512625
2021-01-10 22:59:59.999,2021-01-10 20:00:00,0.18872,0.19254,0.18375,0.19254,385699.4,2021-01-10 20:59:59.999,71918.08297500,509,221539.50000000,41369.65965000,0,0.19627750000000002,0.006312231964085418,0.20890196392817087,0.18365303607182917
2021-01-10 23:59:59.999,2021-01-10 21:00:00,0.19254,0.19697,0.18857,0.18997,214389.0,2021-01-10 21:59:59.999,41258.00581300,430,80977.70000000,15685.99516900,0,0.196418,0.006127170378086923,0.20867234075617386,0.18416365924382616
2021-01-11 00:59:59.999,2021-01-10 22:00:00,0.18998,0.19198,0.18998,0.1906,90043.8,2021-01-10 22:59:59.999,17198.82129000,134,35229.50000000,6721.09781600,0,0.19633499999999998,0.006197302044565807,0.2087296040891316,0.18394039591086836
2021-01-11 01:59:59.999,2021-01-10 23:00:00,0.19185,0.19373,0.19046,0.19312,115911.0,2021-01-10 23:59:59.999,22345.38984200,166,92487.00000000,17840.53791400,0,0.19645450000000003,0.006105903506572924,0.20866630701314587,0.1842426929868542
2021-01-11 02:59:59.999,2021-01-11 00:00:00,0.19314,0.1952,0.19001,0.19037,95085.3,2021-01-11 00:59:59.999,18256.49344200,175,39727.00000000,7646.19767000,0,0.1964315,0.006129027805623487,0.20868955561124697,0.18417344438875305
2021-01-11 03:59:59.999,2021-01-11 01:00:00,0.19036,0.19143,0.18751,0.18751,118471.0,2021-01-11 01:59:59.999,22378.92044400,133,40877.50000000,7724.94701600,0,0.1959065,0.006429060891558655,0.20876462178311733,0.1830483782168827
2021-01-11 04:59:59.999,2021-01-11 02:00:00,0.18793,0.18793,0.18375,0.18674,233109.3,2021-01-11 02:59:59.999,43393.53413600,353,72738.10000000,13556.84008800,0,0.1953495,0.006724850595092528,0.20879920119018508,0.18189979880981494
2021-01-11 05:59:59.999,2021-01-11 03:00:00,0.18676,0.18676,0.17711,0.18109,657741.5,2021-01-11 03:59:59.999,118993.10897800,599,314611.40000000,56983.89939200,0,0.194204,0.007113765306931751,0.2084315306138635,0.17997646938613648
2021-01-11 06:59:59.999,2021-01-11 04:00:00,0.18094,0.185,0.18,0.18357,168943.0,2021-01-11 04:59:59.999,30798.93104700,234,98208.30000000,17947.38158800,0,0.193346,0.007317166118108874,0.20798033223621773,0.17871166776378225
2021-01-11 07:59:59.999,2021-01-11 05:00:00,0.18499,0.185,0.1785,0.18054,145628.3,2021-01-11 05:59:59.999,26356.23403100,212,58296.90000000,10552.09824800,0,0.191973,0.006991832904784089,0.20595666580956817,0.17798933419043184
2021-01-11 08:59:59.999,2021-01-11 06:00:00,0.18059,0.18323,0.17356,0.17738,288177.4,2021-01-11 06:59:59.999,51254.86075200,561,146736.30000000,26142.48433200,0,0.19069200000000003,0.007208804996230968,0.20510960999246197,0.17627439000753808
2021-01-11 09:59:59.999,2021-01-11 07:00:00,0.17694,0.18491,0.17174,0.18487,253459.5,2021-01-11 07:59:59.999,45492.83953200,350,134203.80000000,24204.45050400,0,0.18977750000000002,0.006684975199733573,0.20314745039946716,0.17640754960053287
2021-01-11 10:59:59.999,2021-01-11 08:00:00,0.184,0.18592,0.18396,0.18501,110520.6,2021-01-11 08:59:59.999,20429.97235600,157,92672.80000000,17135.34332300,0,0.18876849999999998,0.005684286998754617,0.2001370739975092,0.17739992600249074
2021-01-11 11:59:59.999,2021-01-11 09:00:00,0.18495,0.18999,0.18,0.18338,106722.0,2021-01-11 09:59:59.999,19733.57624600,140,44699.70000000,8312.69593400,0,0.187896,0.00503797306777033,0.19797194613554067,0.17782005386445934
2021-01-11 12:59:59.999,2021-01-11 10:00:00,0.18452,0.18857,0.18193,0.18319,33412.4,2021-01-11 10:59:59.999,6167.75992600,101,22117.80000000,4082.32408600,0,0.187371,0.00494871477201274,0.1972684295440255,0.17747357045597453
2021-01-11 13:59:59.999,2021-01-11 11:00:00,0.18178,0.18178,0.1759,0.17738,63811.0,2021-01-11 11:59:59.999,11368.74403000,163,15381.80000000,2748.68916100,0,0.1864165,0.004942366016606373,0.19630123203321276,0.17653176796678727
2021-01-11 14:59:59.999,2021-01-11 12:00:00,0.17742,0.17894,0.16984,0.17621,491097.6,2021-01-11 12:59:59.999,84951.51940100,573,328769.30000000,56707.96195400,0,0.185537,0.005121157455518314,0.19577931491103664,0.17529468508896337
2021-01-11 15:59:59.999,2021-01-11 13:00:00,0.17603,0.17794,0.17053,0.17394,300372.6,2021-01-11 13:59:59.999,52245.81085400,458,155429.30000000,27091.34859600,0,0.18475750000000002,0.005641447999079323,0.19604039599815867,0.17347460400184136
2021-01-11 16:59:59.999,2021-01-11 14:00:00,0.17401,0.17889,0.16989,0.17582,198104.0,2021-01-11 14:59:59.999,34175.22854600,387,94330.60000000,16225.82039000,0,0.1840975,0.00588347719867841,0.1958644543973568,0.1723305456026432
2021-01-11 17:59:59.999,2021-01-11 15:00:00,0.17585,0.17717,0.167,0.16959,152073.6,2021-01-11 15:59:59.999,25942.46258800,295,64072.30000000,10898.46877300,0,0.183141,0.00660340016084221,0.19634780032168442,0.16993419967831558
2021-01-11 18:59:59.999,2021-01-11 16:00:00,0.16967,0.16971,0.16105,0.16801,422596.0,2021-01-11 16:59:59.999,70143.26846600,513,247849.80000000,41158.59539800,0,0.1819145,0.00703005912605221,0.19597461825210444,0.16785438174789558
2021-01-11 19:59:59.999,2021-01-11 17:00:00,0.16818,0.17499,0.16717,0.1707,77958.7,2021-01-11 17:59:59.999,13381.27890000,143,37349.90000000,6390.10854800,0,0.180951,0.007186684251190974,0.19532436850238194,0.16657763149761806
2021-01-11 20:59:59.999,2021-01-11 18:00:00,0.17069,0.17297,0.16811,0.16811,20708.1,2021-01-11 18:59:59.999,3536.50462700,69,2354.60000000,405.04541600,0,0.17982650000000003,0.007354977745145092,0.19453645549029022,0.16511654450970983
2021-01-11 21:59:59.999,2021-01-11 19:00:00,0.16979,0.16979,0.1616,0.16406,410298.2,2021-01-11 19:59:59.999,67455.94526400,372,298357.70000000,48960.31422100,0,0.1783735,0.007460278868076876,0.19329405773615374,0.16345294226384624
2021-01-11 22:59:59.999,2021-01-11 20:00:00,0.16448,0.16853,0.164,0.16853,56116.6,2021-01-11 20:59:59.999,9341.02054100,51,29763.40000000,4985.85932800,0,0.1772815,0.007205950227708441,0.19169340045541688,0.16286959954458313
2021-01-11 23:59:59.999,2021-01-11 21:00:00,0.16884,0.17054,0.16757,0.16942,76207.0,2021-01-11 21:59:59.999,12898.49263100,117,31101.70000000,5277.97936000,0,0.176377,0.006986480252300896,0.1903499605046018,0.16240403949539822
2021-01-12 00:59:59.999,2021-01-11 22:00:00,0.16915,0.17346,0.16757,0.17215,48822.0,2021-01-11 22:59:59.999,8338.78646000,85,29949.50000000,5132.68923100,0,0.1756475,0.006598403215930429,0.18884430643186087,0.16245069356813915
2021-01-12 01:59:59.999,2021-01-11 23:00:00,0.17195,0.17325,0.16277,0.16788,154663.7,2021-01-11 23:59:59.999,26135.02005800,144,36223.00000000,6158.86989500,0,0.174987,0.006685520961474649,0.1883580419229493,0.1616159580770507
2021-01-12 02:59:59.999,2021-01-12 00:00:00,0.16761,0.16929,0.16578,0.16875,42123.5,2021-01-12 00:59:59.999,7094.94295000,93,26436.30000000,4465.84295600,0,0.17424599999999998,0.00650294783358417,0.18725189566716832,0.16124010433283165
2021-01-12 03:59:59.999,2021-01-12 01:00:00,0.16765,0.17144,0.16765,0.16963,56458.0,2021-01-12 01:59:59.999,9612.45114600,117,7365.50000000,1253.16175500,0,0.17370049999999998,0.006404027906017742,0.18650855581203546,0.1608924441879645
2021-01-12 04:59:59.999,2021-01-12 02:00:00,0.16977,0.17106,0.16719,0.17001,67499.0,2021-01-12 02:59:59.999,11445.37798900,76,49484.40000000,8410.34985100,0,0.17333199999999999,0.006393191773491001,0.18611838354698199,0.160545616453018
2021-01-12 05:59:59.999,2021-01-12 03:00:00,0.1707,0.17359,0.16984,0.17359,87654.1,2021-01-12 03:59:59.999,15099.71786700,66,54772.40000000,9458.73545200,0,0.17276799999999998,0.005790938111439965,0.1843498762228799,0.16118612377712005
2021-01-12 06:59:59.999,2021-01-12 04:00:00,0.17359,0.1759,0.17207,0.17331,39435.1,2021-01-12 04:59:59.999,6858.46576000,71,26012.30000000,4529.19108800,0,0.17218300000000003,0.005030156532041898,0.18224331306408384,0.16212268693591622
2021-01-12 07:59:59.999,2021-01-12 05:00:00,0.17423,0.17731,0.1732,0.1761,156427.5,2021-01-12 05:59:59.999,27372.43576400,212,78424.30000000,13729.61558700,0,0.171819,0.004401358522332285,0.18062171704466456,0.16301628295533543
2021-01-12 08:59:59.999,2021-01-12 06:00:00,0.17611,0.17799,0.17551,0.17618,79214.2,2021-01-12 06:59:59.999,13990.64699200,154,36604.40000000,6470.91216300,0,0.1714685,0.003665836983483519,0.17880017396696704,0.16413682603303295
2021-01-12 09:59:59.999,2021-01-12 07:00:00,0.17618,0.17827,0.1753,0.17827,86209.4,2021-01-12 07:59:59.999,15236.20435000,163,44503.80000000,7876.07579100,0,0.171513,0.0037459017605914135,0.17900480352118284,0.16402119647881716
2021-01-12 10:59:59.999,2021-01-12 08:00:00,0.17827,0.18098,0.17422,0.17563,246714.1,2021-01-12 08:59:59.999,43777.12637800,360,105314.10000000,18718.42963500,0,0.171484,0.00370969483778323,0.17890338967556646,0.16406461032443354
2021-01-12 11:59:59.999,2021-01-12 09:00:00,0.17444,0.17695,0.17361,0.17566,53684.5,2021-01-12 09:59:59.999,9378.53186900,103,20324.40000000,3558.95480200,0,0.17157,0.0037887228788383853,0.17914744575767677,0.16399255424232323
2021-01-12 12:59:59.999,2021-01-12 10:00:00,0.17589,0.1759,0.16892,0.17044,62212.8,2021-01-12 10:59:59.999,10651.69341800,124,28028.70000000,4787.91507400,0,0.17130099999999998,0.003659890564944575,0.17862078112988913,0.16398121887011083
2021-01-12 13:59:59.999,2021-01-12 11:00:00,0.17188,0.17319,0.17125,0.17319,22801.0,2021-01-12 11:59:59.999,3926.40982600,50,12135.00000000,2087.62519000,0,0.17148100000000002,0.003659838794264286,0.1788006775885286,0.16416132241147144
2021-01-12 14:59:59.999,2021-01-12 12:00:00,0.17321,0.17637,0.17139,0.17493,151944.2,2021-01-12 12:59:59.999,26377.48989100,197,69095.30000000,11967.73575500,0,0.171827,0.0036414819134958734,0.17910996382699176,0.16454403617300825
2021-01-12 15:59:59.999,2021-01-12 13:00:00,0.17421,0.176,0.16789,0.16944,239419.2,2021-01-12 13:59:59.999,40932.90379100,261,93065.50000000,15885.99134400,0,0.17176399999999997,0.0036727709315707755,0.1791095418631415,0.16441845813685843
2021-01-12 16:59:59.999,2021-01-12 14:00:00,0.16947,0.1696,0.16604,0.1676,159370.8,2021-01-12 14:59:59.999,26806.43255400,193,97391.40000000,16367.54557300,0,0.1717385,0.0037011367741620173,0.17914077354832403,0.16433622645167595
2021-01-12 17:59:59.999,2021-01-12 15:00:00,0.16863,0.17376,0.16863,0.17245,73133.8,2021-01-12 15:59:59.999,12565.41966200,84,54168.70000000,9292.84373900,0,0.172158,0.0032305867154926375,0.17861917343098527,0.16569682656901474
2021-01-12 18:59:59.999,2021-01-12 16:00:00,0.17221,0.17373,0.17216,0.1722,52527.8,2021-01-12 16:59:59.999,9084.67955000,117,26905.40000000,4660.78860600,0,0.1723415,0.003115859727604398,0.1785732194552088,0.16610978054479122
2021-01-12 19:59:59.999,2021-01-12 17:00:00,0.17231,0.17891,0.17183,0.17327,90953.1,2021-01-12 17:59:59.999,15859.25522100,137,45561.60000000,7950.44521700,0,0.17253400000000002,0.0030439662492080023,0.17862193249841601,0.16644606750158403
2021-01-12 20:59:59.999,2021-01-12 18:00:00,0.17427,0.17608,0.17261,0.17341,103648.4,2021-01-12 18:59:59.999,18016.56348400,135,70788.50000000,12300.66696600,0,0.17259700000000003,0.0030486357604675622,0.17869427152093514,0.1664997284790649
2021-01-12 21:59:59.999,2021-01-12 19:00:00,0.17264,0.17353,0.16912,0.17053,39368.8,2021-01-12 19:59:59.999,6699.74937200,94,21830.10000000,3714.53430200,0,0.1727295,0.00288608909480624,0.1785016781896125,0.16695732181038753
2021-01-12 22:59:59.999,2021-01-12 20:00:00,0.17352,0.17352,0.16977,0.17,10489.6,2021-01-12 20:59:59.999,1786.06177000,35,1896.80000000,324.03229700,0,0.172792,0.0028078491487447924,0.1784076982974896,0.1671763017025104
2021-01-12 23:59:59.999,2021-01-12 21:00:00,0.17041,0.17066,0.16789,0.17066,35536.9,2021-01-12 21:59:59.999,6025.44545900,77,12381.30000000,2101.29423400,0,0.17284349999999998,0.002755763863919728,0.17835502772783943,0.16733197227216054
2021-01-13 00:59:59.999,2021-01-12 22:00:00,0.1712,0.17124,0.16802,0.16885,59744.7,2021-01-12 22:59:59.999,10148.41690600,108,35057.30000000,5968.61131100,0,0.1727855,0.0028297525928680945,0.1784450051857362,0.16712599481426382
