,open_time,close_time,open,high,low,close,volume,num_trades,MA_20,STD_20,Price_Change,Price_Change%,Change,bollinger_up,bollinger_down,above_bound,below_bound,cross_bounds
2020-10-24 02:59:59.999,2020-10-23 00:00:00.000,2020-10-23 23:59:59.999,0.02,0.58499,0.02,0.19226,22557016.0,41500,,,,,,,,False,False,neutral
2020-10-25 02:59:59.999,2020-10-24 00:00:00.000,2020-10-24 23:59:59.999,0.19078,0.3,0.14786,0.23827,93222275.2,110596,,,0.05,23.93,Increase,,,False,False,neutral
2020-10-26 01:59:59.999,2020-10-25 00:00:00.000,2020-10-25 23:59:59.999,0.23823,0.26399,0.18101,0.18508,28174633.4,39295,,,-0.05,-22.32,Decrease,,,False,False,neutral
2020-10-27 01:59:59.999,2020-10-26 00:00:00.000,2020-10-26 23:59:59.999,0.18509,0.2055,0.15952,0.16585,21474177.2,24428,,,-0.02,-10.39,Decrease,,,False,False,neutral
2020-10-28 01:59:59.999,2020-10-27 00:00:00.000,2020-10-27 23:59:59.999,0.16588,0.186,0.155,0.15999,15180221.7,16557,,,-0.01,-3.53,Neutral,,,False,False,neutral
2020-10-29 01:59:59.999,2020-10-28 00:00:00.000,2020-10-28 23:59:59.999,0.16,0.16054,0.11,0.1153,15904797.6,18043,,,-0.04,-27.93,Decrease,,,False,False,neutral
2020-10-30 01:59:59.999,2020-10-29 00:00:00.000,2020-10-29 23:59:59.999,0.1156,0.11747,0.0925,0.10044,6753447.6,7438,,,-0.01,-12.89,Decrease,,,False,False,neutral
2020-10-31 01:59:59.999,2020-10-30 00:00:00.000,2020-10-30 23:59:59.999,0.10038,0.145,0.0962,0.12119,28534331.9,29366,,,0.02,20.66,Increase,,,False,False,neutral
2020-11-01 01:59:59.999,2020-10-31 00:00:00.000,2020-10-31 23:59:59.999,0.12119,0.12337,0.10504,0.11159,14157397.4,12253,,,-0.01,-7.92,Decrease,,,False,False,neutral
2020-11-02 01:59:59.999,2020-11-01 00:00:00.000,2020-11-01 23:59:59.999,0.11159,0.11322,0.09958,0.10093,4693233.8,4099,,,-0.01,-9.55,Decrease,,,False,False,neutral
2020-11-03 01:59:59.999,2020-11-02 00:00:00.000,2020-11-02 23:59:59.999,0.10092,0.10225,0.093,0.09329,3065374.7,2483,,,-0.01,-7.57,Decrease,,,False,False,neutral
2020-11-04 01:59:59.999,2020-11-03 00:00:00.000,2020-11-03 23:59:59.999,0.09386,0.09487,0.077,0.08231,8267809.5,6067,,,-0.01,-11.77,Decrease,,,False,False,neutral
2020-11-05 01:59:59.999,2020-11-04 00:00:00.000,2020-11-04 23:59:59.999,0.08201,0.11755,0.08053,0.09978,24759550.8,18957,,,0.02,21.22,Increase,,,False,False,neutral
2020-11-06 01:59:59.999,2020-11-05 00:00:00.000,2020-11-05 23:59:59.999,0.0998,0.10481,0.086,0.09298,11010390.4,8457,,,-0.01,-6.81,Decrease,,,False,False,neutral
2020-11-07 01:59:59.999,2020-11-06 00:00:00.000,2020-11-06 23:59:59.999,0.09255,0.10193,0.09155,0.09848,5072466.9,3446,,,0.01,5.92,Increase,,,False,False,neutral
2020-11-08 01:59:59.999,2020-11-07 00:00:00.000,2020-11-07 23:59:59.999,0.09927,0.11589,0.09421,0.1015,6779745.0,5744,,,0.0,3.07,Neutral,,,False,False,neutral
2020-11-09 01:59:59.999,2020-11-08 00:00:00.000,2020-11-08 23:59:59.999,0.1015,0.12822,0.09805,0.12553,8523646.9,6400,,,0.02,23.67,Increase,,,False,False,neutral
2020-11-10 01:59:59.999,2020-11-09 00:00:00.000,2020-11-09 23:59:59.999,0.12553,0.15226,0.11632,0.12446,18754378.0,18455,,,-0.0,-0.85,Neutral,,,False,False,neutral
2020-11-11 01:59:59.999,2020-11-10 00:00:00.000,2020-11-10 23:59:59.999,0.12443,0.15288,0.122,0.13954,9428817.7,7583,,,0.02,12.12,Increase,,,False,False,neutral
2020-11-12 01:59:59.999,2020-11-11 00:00:00.000,2020-11-11 23:59:59.999,0.13936,0.15288,0.12798,0.13142,7393923.0,5835,0.1290095,0.0403955119282745,-0.01,-5.82,Decrease,0.212211023856549,0.05062897614345101,False,False,neutral
2020-11-13 01:59:59.999,2020-11-12 00:00:00.000,2020-11-12 23:59:59.999,0.13142,0.16432,0.1286,0.1515,11004540.7,11198,0.1269715,0.0379932668931026,0.02,15.28,Increase,0.2274865337862052,0.0755134662137948,False,False,neutral
2020-11-14 01:59:59.999,2020-11-13 00:00:00.000,2020-11-13 23:59:59.999,0.15151,0.1737,0.14515,0.15053,11919564.4,13058,0.12258450000000001,0.028292652658838537,-0.0,-0.64,Neutral,0.20711530531767708,0.09394469468232292,False,False,neutral
2020-11-15 01:59:59.999,2020-11-14 00:00:00.000,2020-11-14 23:59:59.999,0.15092,0.15736,0.12739,0.12908,9823933.8,8491,0.11978449999999999,0.024266842978803275,-0.02,-14.25,Decrease,0.17761368595760654,0.08054631404239346,False,False,neutral
2020-11-16 01:59:59.999,2020-11-15 00:00:00.000,2020-11-15 23:59:59.999,0.12909,0.14848,0.12619,0.147,11560736.0,10103,0.118842,0.02269894586005909,0.02,13.88,Increase,0.19239789172011817,0.10160210827988181,False,False,neutral
2020-11-17 01:59:59.999,2020-11-16 00:00:00.000,2020-11-16 23:59:59.999,0.14729,0.15483,0.13593,0.1418,9178276.7,7311,0.1179325,0.021283758046429357,-0.01,-3.54,Neutral,0.18436751609285873,0.09923248390714129,False,False,neutral
2020-11-18 01:59:59.999,2020-11-17 00:00:00.000,2020-11-17 23:59:59.999,0.14233,0.194,0.1411,0.18932,25645357.1,25080,0.12163349999999999,0.02657884581767988,0.05,33.51,Increase,0.24247769163535976,0.13616230836464022,False,False,neutral
2020-11-19 01:59:59.999,2020-11-18 00:00:00.000,2020-11-18 23:59:59.999,0.18889,0.19199,0.13515,0.1507,17658912.9,16693,0.1241465,0.026844248090164773,-0.04,-20.4,Decrease,0.20438849618032956,0.09701150381967046,False,False,neutral
2020-11-20 01:59:59.999,2020-11-19 00:00:00.000,2020-11-19 23:59:59.999,0.15069,0.15725,0.13721,0.1399,9583353.8,7107,0.125082,0.027060933309458243,-0.01,-7.17,Decrease,0.1940218666189165,0.0857781333810835,False,False,neutral
2020-11-21 01:59:59.999,2020-11-20 00:00:00.000,2020-11-20 23:59:59.999,0.13983,0.1493,0.13581,0.13805,6061359.9,5825,0.12640500000000002,0.027013365600247426,-0.0,-1.32,Neutral,0.19207673120049484,0.08402326879950515,False,False,neutral
2020-11-22 01:59:59.999,2020-11-21 00:00:00.000,2020-11-21 23:59:59.999,0.1371,0.14016,0.12879,0.13495,7465476.7,7534,0.128106,0.02638868365915885,-0.0,-2.25,Neutral,0.18772736731831768,0.08217263268168229,False,False,neutral
2020-11-23 01:59:59.999,2020-11-22 00:00:00.000,2020-11-22 23:59:59.999,0.13528,0.1429,0.12642,0.12741,7306068.2,7262,0.12981199999999998,0.025090375298739122,-0.01,-5.59,Decrease,0.17759075059747825,0.07722924940252175,False,False,neutral
2020-11-24 01:59:59.999,2020-11-23 00:00:00.000,2020-11-23 23:59:59.999,0.12773,0.139,0.122,0.13602,8148108.9,8291,0.1324975,0.022476739760542618,0.01,6.76,Increase,0.18097347952108522,0.09106652047891477,False,False,neutral
2020-11-25 01:59:59.999,2020-11-24 00:00:00.000,2020-11-24 23:59:59.999,0.13508,0.13587,0.1212,0.1243,5993493.7,6429,0.1337235,0.021232516591056114,-0.01,-8.62,Decrease,0.16676503318211222,0.08183496681788777,False,False,neutral
2020-11-26 01:59:59.999,2020-11-25 00:00:00.000,2020-11-25 23:59:59.999,0.12451,0.12924,0.1168,0.12,4684054.2,4781,0.13507450000000001,0.01927279661104028,-0.0,-3.46,Neutral,0.15854559322208056,0.08145440677791943,False,False,neutral
2020-11-27 01:59:59.999,2020-11-26 00:00:00.000,2020-11-26 23:59:59.999,0.12002,0.12107,0.09,0.09987,7076857.6,5607,0.135144,0.019135907113398905,-0.02,-16.77,Decrease,0.1381418142267978,0.06159818577320219,False,False,neutral
2020-11-28 01:59:59.999,2020-11-27 00:00:00.000,2020-11-27 23:59:59.999,0.10076,0.15849,0.10032,0.12736,43027223.3,38393,0.136437,0.017550994603695448,0.03,27.53,Increase,0.1624619892073909,0.0922580107926091,False,False,neutral
2020-11-29 01:59:59.999,2020-11-28 00:00:00.000,2020-11-28 23:59:59.999,0.1273,0.13886,0.11891,0.13149,15864898.9,16365,0.136735,0.017406055963673266,0.0,3.24,Neutral,0.16630211192734654,0.09667788807265346,False,False,neutral
2020-11-30 01:59:59.999,2020-11-29 00:00:00.000,2020-11-29 23:59:59.999,0.13167,0.14,0.12382,0.13012,7639616.7,7578,0.137018,0.017241207858530446,-0.0,-1.04,Neutral,0.1646024157170609,0.09563758428293911,False,False,neutral
2020-12-01 01:59:59.999,2020-11-30 00:00:00.000,2020-11-30 23:59:59.999,0.13001,0.1334,0.1226,0.12508,6371293.5,6159,0.136295,0.017432013049196806,-0.01,-3.87,Neutral,0.15994402609839362,0.09021597390160638,False,False,neutral
2020-12-02 01:59:59.999,2020-12-01 00:00:00.000,2020-12-01 23:59:59.999,0.12595,0.13063,0.11673,0.1245,6188949.0,5687,0.13594900000000001,0.01760171729062101,-0.0,-0.46,Neutral,0.15970343458124203,0.08929656541875798,False,False,neutral
2020-12-03 01:59:59.999,2020-12-02 00:00:00.000,2020-12-02 23:59:59.999,0.12381,0.1485,0.121,0.13663,11233324.7,12189,0.1352055,0.01722018841971613,0.01,9.74,Increase,0.17107037683943227,0.10218962316056773,False,False,neutral
2020-12-04 01:59:59.999,2020-12-03 00:00:00.000,2020-12-03 23:59:59.999,0.13662,0.14492,0.1308,0.13945,7089634.4,7511,0.1346515,0.01687601857354797,0.0,2.06,Neutral,0.17320203714709592,0.10569796285290406,False,False,neutral
2020-12-05 01:59:59.999,2020-12-04 00:00:00.000,2020-12-04 23:59:59.999,0.13945,0.149,0.13201,0.1337,6787489.8,9936,0.13488250000000002,0.016827290764519505,-0.01,-4.12,Neutral,0.16735458152903904,0.100045418470961,False,False,neutral
2020-12-06 01:59:59.999,2020-12-05 00:00:00.000,2020-12-05 23:59:59.999,0.1337,0.1695,0.1322,0.15373,16874376.2,26034,0.135219,0.01714662216236617,0.02,14.98,Increase,0.18802324432473233,0.11943675567526767,False,False,neutral
2020-12-07 01:59:59.999,2020-12-06 00:00:00.000,2020-12-06 23:59:59.999,0.15313,0.17322,0.153,0.15661,11008783.1,22186,0.13595949999999998,0.017754799047314664,0.0,1.87,Neutral,0.19211959809462933,0.12110040190537066,False,False,neutral
2020-12-08 01:59:59.999,2020-12-07 00:00:00.000,2020-12-07 23:59:59.999,0.15662,0.16783,0.1478,0.16449,10817027.1,16219,0.134718,0.014373302957035868,0.01,5.03,Increase,0.19323660591407174,0.13574339408592825,False,False,neutral
2020-12-09 01:59:59.999,2020-12-08 00:00:00.000,2020-12-08 23:59:59.999,0.16443,0.228,0.16065,0.19291,57002153.2,79025,0.1368285,0.019149062440976597,0.03,17.28,Increase,0.2312081248819532,0.1546118751180468,False,False,neutral
2020-12-10 01:59:59.999,2020-12-09 00:00:00.000,2020-12-09 23:59:59.999,0.19288,0.20861,0.16277,0.18503,29531613.7,36194,0.139085,0.021979847109281,-0.01,-4.08,Neutral,0.228989694218562,0.141070305781438,False,False,neutral
2020-12-11 01:59:59.999,2020-12-10 00:00:00.000,2020-12-10 23:59:59.999,0.18562,0.19052,0.16307,0.16408,8976011.1,11736,0.1403865,0.02267500438693163,-0.02,-11.32,Decrease,0.20943000877386325,0.11872999122613674,False,False,neutral
2020-12-12 01:59:59.999,2020-12-11 00:00:00.000,2020-12-11 23:59:59.999,0.16408,0.16548,0.1479,0.16417,8020341.9,8479,0.1418475,0.02324058335054619,0.0,0.05,Neutral,0.2106511667010924,0.11768883329890763,False,False,neutral
2020-12-13 01:59:59.999,2020-12-12 00:00:00.000,2020-12-12 23:59:59.999,0.16373,0.18566,0.16286,0.16647,10376306.4,14734,0.1438005,0.023601863770072347,0.0,1.4,Neutral,0.2136737275401447,0.11926627245985531,False,False,neutral
2020-12-14 01:59:59.999,2020-12-13 00:00:00.000,2020-12-13 23:59:59.999,0.16556,0.17951,0.16302,0.17493,6088565.0,7905,0.145746,0.024512855574597054,0.01,5.08,Increase,0.2239557111491941,0.1259042888508059,False,False,neutral
2020-12-15 01:59:59.999,2020-12-14 00:00:00.000,2020-12-14 23:59:59.999,0.17464,0.1782,0.15908,0.16975,4909144.7,6420,0.1480185,0.024526781983653823,-0.01,-2.96,Neutral,0.21880356396730766,0.12069643603269237,False,False,neutral
2020-12-16 01:59:59.999,2020-12-15 00:00:00.000,2020-12-15 23:59:59.999,0.16975,0.18688,0.16621,0.17326,7137367.7,10353,0.1506815,0.024213918632189992,0.0,2.07,Neutral,0.22168783726438,0.12483216273562,False,False,neutral
2020-12-17 01:59:59.999,2020-12-16 00:00:00.000,2020-12-16 23:59:59.999,0.17326,0.22,0.17176,0.20826,16273425.5,22708,0.156101,0.02437213549160301,0.04,20.2,Increase,0.257004270983206,0.15951572901679398,False,False,neutral
2020-12-18 01:59:59.999,2020-12-17 00:00:00.000,2020-12-17 23:59:59.999,0.20826,0.276,0.20826,0.23183,40485863.4,51725,0.1613245,0.028699125325934376,0.02,11.32,Increase,0.28922825065186875,0.17443174934813127,False,False,neutral
2020-12-19 01:59:59.999,2020-12-18 00:00:00.000,2020-12-18 23:59:59.999,0.23197,0.24822,0.20872,0.21503,15466596.1,20183,0.1655015,0.030170038165284793,-0.02,-7.25,Decrease,0.2753700763305696,0.1546899236694304,False,False,neutral
2020-12-20 01:59:59.999,2020-12-19 00:00:00.000,2020-12-19 23:59:59.999,0.21506,0.23347,0.2,0.2029,7460321.6,11908,0.1691405,0.030066893574337394,-0.01,-5.64,Decrease,0.26303378714867476,0.1427662128513252,False,False,neutral
2020-12-21 01:59:59.999,2020-12-20 00:00:00.000,2020-12-20 23:59:59.999,0.2029,0.209,0.18376,0.18776,5750873.2,9310,0.1722745,0.02845611829041165,-0.02,-7.46,Decrease,0.24467223658082332,0.1308477634191767,False,False,neutral
2020-12-22 01:59:59.999,2020-12-21 00:00:00.000,2020-12-21 23:59:59.999,0.18655,0.18882,0.16697,0.16966,7489585.2,8752,0.1745325,0.02616518797643371,-0.02,-9.64,Decrease,0.2219903759528674,0.11732962404713258,False,False,neutral
2020-12-23 01:59:59.999,2020-12-22 00:00:00.000,2020-12-22 23:59:59.999,0.16967,0.19524,0.16247,0.18487,6495808.3,9696,0.1769445,0.024667935393521565,0.02,8.96,Increase,0.23420587078704314,0.13553412921295688,False,False,neutral
2020-12-24 01:59:59.999,2020-12-23 00:00:00.000,2020-12-23 23:59:59.999,0.18447,0.18532,0.14768,0.15466,5585566.6,7146,0.177705,0.0236652397766052,-0.03,-16.34,Decrease,0.2019904795532104,0.10732952044678959,False,False,neutral
2020-12-25 01:59:59.999,2020-12-24 00:00:00.000,2020-12-24 23:59:59.999,0.1545,0.16367,0.13851,0.15833,3209894.2,4544,0.1789365,0.021823992898932096,0.0,2.37,Neutral,0.2019779857978642,0.1146820142021358,False,False,neutral
2020-12-26 01:59:59.999,2020-12-25 00:00:00.000,2020-12-25 23:59:59.999,0.15833,0.16379,0.14237,0.14661,2596671.3,3397,0.17858049999999998,0.02230948216507257,-0.01,-7.4,Decrease,0.19122896433014513,0.10199103566985485,False,False,neutral
2020-12-27 01:59:59.999,2020-12-26 00:00:00.000,2020-12-26 23:59:59.999,0.14637,0.15133,0.14348,0.14668,1997718.0,2751,0.17808400000000002,0.02292614650751882,0.0,0.05,Neutral,0.19253229301503766,0.10082770698496236,False,False,neutral
2020-12-28 01:59:59.999,2020-12-27 00:00:00.000,2020-12-27 23:59:59.999,0.14672,0.20696,0.14412,0.18435,14568455.0,19596,0.179077,0.022735667110233986,0.04,25.68,Increase,0.229821334220468,0.13887866577953203,False,False,neutral
2020-12-29 01:59:59.999,2020-12-28 00:00:00.000,2020-12-28 23:59:59.999,0.18529,0.21535,0.16494,0.16814,17086677.6,27376,0.1778385,0.022616818445107482,-0.02,-8.79,Decrease,0.213373636890215,0.12290636310978505,True,False,above
2020-12-30 01:59:59.999,2020-12-29 00:00:00.000,2020-12-29 23:59:59.999,0.16815,0.1786,0.15536,0.16246,5592570.6,7300,0.17671,0.022801430472208405,-0.01,-3.38,Neutral,0.2080628609444168,0.11685713905558318,False,False,neutral
2020-12-31 01:59:59.999,2020-12-30 00:00:00.000,2020-12-30 23:59:59.999,0.1624,0.16604,0.14412,0.1506,4635524.8,5443,0.176036,0.023386150962527198,-0.01,-7.3,Decrease,0.1973723019250544,0.10382769807494562,False,False,neutral
2021-01-01 01:59:59.999,2020-12-31 00:00:00.000,2020-12-31 23:59:59.999,0.15072,0.18606,0.14649,0.1531,9632178.5,10226,0.1754825,0.02380895450190307,0.0,1.66,Neutral,0.20071790900380615,0.10548209099619388,False,False,neutral
2021-01-02 01:59:59.999,2021-01-01 00:00:00.000,2021-01-01 23:59:59.999,0.15295,0.16145,0.15229,0.15925,3174376.8,3841,0.1751215,0.024006712279562366,0.01,4.02,Neutral,0.20726342455912472,0.11123657544087527,False,False,neutral
2021-01-03 01:59:59.999,2021-01-02 00:00:00.000,2021-01-02 23:59:59.999,0.15969,0.16185,0.15175,0.15638,2212481.5,3231,0.17419400000000002,0.02437009003719639,-0.0,-1.8,Neutral,0.20512018007439276,0.10763981992560721,False,False,neutral
2021-01-04 01:59:59.999,2021-01-03 00:00:00.000,2021-01-03 23:59:59.999,0.15638,0.1699,0.15056,0.16089,4754508.0,4868,0.173751,0.024535094928650684,0.0,2.88,Neutral,0.20996018985730136,0.11181981014269864,False,False,neutral
2021-01-05 01:59:59.999,2021-01-04 00:00:00.000,2021-01-04 23:59:59.999,0.1608,0.16537,0.14001,0.15491,6013141.1,6408,0.1728335,0.0248948872948053,-0.01,-3.72,Neutral,0.20469977458961058,0.1051202254103894,False,False,neutral
2021-01-06 01:59:59.999,2021-01-05 00:00:00.000,2021-01-05 23:59:59.999,0.1548,0.16259,0.14979,0.15647,4433660.9,5601,0.170244,0.02367984917270611,0.0,1.01,Neutral,0.2038296983454122,0.10911030165458778,False,False,neutral
2021-01-07 01:59:59.999,2021-01-06 00:00:00.000,2021-01-06 23:59:59.999,0.1565,0.17615,0.15449,0.16759,6058001.1,7487,0.16703199999999999,0.018724933166910568,0.01,7.11,Increase,0.20503986633382112,0.13014013366617885,False,False,neutral
2021-01-08 01:59:59.999,2021-01-07 00:00:00.000,2021-01-07 23:59:59.999,0.16751,0.1898,0.1637,0.17779,8637605.8,8623,0.16517,0.015225368373384828,0.01,6.09,Increase,0.20824073674676966,0.14733926325323035,False,False,neutral
2021-01-09 01:59:59.999,2021-01-08 00:00:00.000,2021-01-08 23:59:59.999,0.1776,0.19519,0.16617,0.19166,7261562.3,8288,0.164608,0.013910002686442798,0.01,7.8,Increase,0.2194800053728856,0.1638399946271144,False,False,neutral
2021-01-10 01:59:59.999,2021-01-09 00:00:00.000,2021-01-09 23:59:59.999,0.19172,0.1945,0.1739,0.18276,3999435.7,5617,0.164358,0.01351121428958001,-0.01,-4.64,Neutral,0.20978242857916002,0.15573757142084,False,False,neutral
2021-01-11 01:59:59.999,2021-01-10 00:00:00.000,2021-01-10 23:59:59.999,0.18301,0.20948,0.18224,0.19312,11067177.5,14700,0.16553099999999998,0.014938696096133543,0.01,5.67,Increase,0.2229973921922671,0.16324260780773292,False,False,neutral
2021-01-12 01:59:59.999,2021-01-11 00:00:00.000,2021-01-11 23:59:59.999,0.19314,0.1952,0.16105,0.16788,4684099.4,6385,0.1646815,0.014248205898140064,-0.03,-13.07,Decrease,0.19637641179628013,0.13938358820371988,False,False,neutral
2021-01-13 01:59:59.999,2021-01-12 00:00:00.000,2021-01-12 23:59:59.999,0.16761,0.18098,0.16578,0.16918,2051900.9,3140,0.16540749999999999,0.014079624275414667,0.0,0.77,Neutral,0.19733924855082932,0.14102075144917067,False,False,neutral
2021-01-14 01:59:59.999,2021-01-13 00:00:00.000,2021-01-13 23:59:59.999,0.16846,0.178,0.16261,0.17405,3990749.1,5026,0.16619350000000002,0.014102494096323746,0.0,2.88,Neutral,0.2022549881926475,0.14584501180735251,False,False,neutral
2021-01-15 01:59:59.999,2021-01-14 00:00:00.000,2021-01-14 23:59:59.999,0.17509,0.18241,0.1686,0.17468,3222154.8,4389,0.16759700000000002,0.013431771878254851,0.0,0.36,Neutral,0.2015435437565097,0.1478164562434903,False,False,neutral
2021-01-16 01:59:59.999,2021-01-15 00:00:00.000,2021-01-15 23:59:59.999,0.17468,0.18976,0.1668,0.18352,5414556.6,7918,0.16943899999999998,0.012928954001733928,0.01,5.06,Increase,0.20937790800346784,0.15766209199653214,False,False,neutral
2021-01-17 01:59:59.999,2021-01-16 00:00:00.000,2021-01-16 23:59:59.999,0.18466,0.2,0.17801,0.18788,6896300.0,9270,0.1696155,0.013165162751108028,0.0,2.38,Neutral,0.21421032550221605,0.16154967449778393,False,False,neutral
2021-01-18 01:59:59.999,2021-01-17 00:00:00.000,2021-01-17 23:59:59.999,0.18789,0.19001,0.16834,0.18293,5308719.8,6982,0.17035499999999998,0.013489314094380284,-0.0,-2.63,Neutral,0.20990862818876058,0.15595137181123944,False,False,neutral
2021-01-19 01:59:59.999,2021-01-18 00:00:00.000,2021-01-18 23:59:59.999,0.18275,0.215,0.18044,0.20806,12732399.0,17343,0.172635,0.01574908234586532,0.03,13.74,Increase,0.23955816469173064,0.17656183530826935,False,False,neutral
2021-01-20 01:59:59.999,2021-01-19 00:00:00.000,2021-01-19 23:59:59.999,0.20805,0.21475,0.187,0.19537,6135364.0,8605,0.17487350000000002,0.015633566544289938,-0.01,-6.1,Decrease,0.22663713308857986,0.16410286691142012,False,False,neutral
2021-01-21 01:59:59.999,2021-01-20 00:00:00.000,2021-01-20 23:59:59.999,0.19535,0.19535,0.17459,0.18715,6853126.3,8181,0.176576,0.014977907731055262,-0.01,-4.21,Neutral,0.21710581546211052,0.1571941845378895,False,False,neutral
2021-01-22 01:59:59.999,2021-01-21 00:00:00.000,2021-01-21 23:59:59.999,0.1871,0.22,0.18009,0.20647,16875544.3,19015,0.17893699999999998,0.01580205053316299,0.02,10.32,Increase,0.23807410106632598,0.174865898933674,False,False,neutral
2021-01-23 01:59:59.999,2021-01-22 00:00:00.000,2021-01-22 23:59:59.999,0.20646,0.24,0.201,0.21503,16610762.0,20657,0.1818695,0.01680583622780476,0.01,4.15,Neutral,0.24864167245560953,0.18141832754439047,False,False,neutral
2021-01-24 01:59:59.999,2021-01-23 00:00:00.000,2021-01-23 23:59:59.999,0.21504,0.21892,0.19934,0.20459,10925760.3,12506,0.1840545,0.016775426412338822,-0.01,-4.86,Neutral,0.23814085282467765,0.17103914717532234,False,False,neutral
2021-01-25 01:59:59.999,2021-01-24 00:00:00.000,2021-01-24 23:59:59.999,0.20461,0.21575,0.19932,0.20637,9248674.2,11815,0.1866275,0.015998448567875353,0.0,0.87,Neutral,0.2383668971357507,0.17437310286424929,False,False,neutral
2021-01-26 01:59:59.999,2021-01-25 00:00:00.000,2021-01-25 23:59:59.999,0.20636,0.21,0.19603,0.19681,5712704.2,7965,0.1886445,0.014465748102255213,-0.01,-4.63,Neutral,0.22574149620451045,0.16787850379548958,False,False,neutral
2021-01-27 01:59:59.999,2021-01-26 00:00:00.000,2021-01-26 23:59:59.999,0.19678,0.256,0.189,0.2485,24601932.5,29144,0.19268999999999997,0.018901360296355318,0.05,26.26,Increase,0.2863027205927106,0.21069727940728936,False,True,below
2021-01-28 01:59:59.999,2021-01-27 00:00:00.000,2021-01-27 23:59:59.999,0.2485,0.28583,0.21372,0.2165,30362472.6,40936,0.19462549999999998,0.019273584179006997,-0.03,-12.88,Decrease,0.255047168358014,0.177952831641986,True,False,above
2021-01-29 01:59:59.999,2021-01-28 00:00:00.000,2021-01-28 23:59:59.999,0.2165,0.24354,0.20948,0.22198,14740908.0,20436,0.19614150000000002,0.020198305367947277,0.01,2.53,Neutral,0.2623766107358946,0.18158338926410544,False,False,neutral
2021-01-30 01:59:59.999,2021-01-29 00:00:00.000,2021-01-29 23:59:59.999,0.22199,0.22389,0.20249,0.20906,11704206.2,15169,0.1974565,0.0201372891279104,-0.01,-5.82,Decrease,0.24933457825582078,0.1687854217441792,False,False,neutral
2021-01-31 01:59:59.999,2021-01-30 00:00:00.000,2021-01-30 23:59:59.999,0.20906,0.22,0.20681,0.21416,5639500.4,8242,0.1985085,0.020446033529887137,0.01,2.44,Neutral,0.25505206705977423,0.17326793294022572,False,False,neutral
2021-02-01 01:59:59.999,2021-01-31 00:00:00.000,2021-01-31 23:59:59.999,0.21411,0.229,0.20731,0.21354,6761542.6,11414,0.2007915,0.019366771128594838,-0.0,-0.29,Neutral,0.2522735422571897,0.17480645774281034,False,False,neutral
2021-02-02 01:59:59.999,2021-02-01 00:00:00.000,2021-02-01 23:59:59.999,0.21253,0.21714,0.20489,0.21195,4645748.4,6579,0.20293,0.01800603144563118,-0.0,-0.74,Neutral,0.24796206289126235,0.17593793710873765,False,False,neutral
2021-02-03 01:59:59.999,2021-02-02 00:00:00.000,2021-02-02 23:59:59.999,0.21195,0.21998,0.205,0.21417,4750003.1,7710,0.204936,0.01681466884660709,0.0,1.05,Neutral,0.2477993376932142,0.1805406623067858,False,False,neutral
2021-02-04 01:59:59.999,2021-02-03 00:00:00.000,2021-02-03 23:59:59.999,0.21439,0.235,0.21111,0.2263,7109648.8,11071,0.207517,0.015860730088724635,0.01,5.66,Increase,0.25802146017744926,0.19457853982255074,False,False,neutral
2021-02-05 01:59:59.999,2021-02-04 00:00:00.000,2021-02-04 23:59:59.999,0.22638,0.25687,0.22004,0.24589,13174085.1,22512,0.21063550000000003,0.016985787704648116,0.02,8.66,Increase,0.27986157540929624,0.21191842459070376,False,False,neutral
2021-02-06 01:59:59.999,2021-02-05 00:00:00.000,2021-02-05 23:59:59.999,0.24544,0.28199,0.24517,0.27495,15589928.9,29064,0.214989,0.02142466063110223,0.03,11.82,Increase,0.3177993212622045,0.23210067873779555,False,False,neutral
2021-02-07 01:59:59.999,2021-02-06 00:00:00.000,2021-02-06 23:59:59.999,0.27453,0.277,0.24444,0.24921,10126240.2,16139,0.218303,0.021330668580831463,-0.03,-9.36,Decrease,0.2918713371616629,0.20654866283833706,False,False,neutral
2021-02-08 01:59:59.999,2021-02-07 00:00:00.000,2021-02-07 23:59:59.999,0.2492,0.33285,0.24732,0.29554,27519129.0,46284,0.222677,0.027263768728170473,0.05,18.59,Increase,0.35006753745634095,0.24101246254365907,False,False,neutral
2021-02-09 01:59:59.999,2021-02-08 00:00:00.000,2021-02-08 23:59:59.999,0.29499,0.35523,0.287,0.29875,27397881.2,42236,0.22784600000000005,0.03131336227303152,0.0,1.09,Neutral,0.36137672454606307,0.23612327545393696,False,False,neutral
2021-02-10 01:59:59.999,2021-02-09 00:00:00.000,2021-02-09 23:59:59.999,0.29895,0.34051,0.29044,0.32128,15712967.9,24512,0.23455250000000002,0.036131493461201564,0.02,7.54,Increase,0.39354298692240314,0.24901701307759688,False,False,neutral
2021-02-11 01:59:59.999,2021-02-10 00:00:00.000,2021-02-10 23:59:59.999,0.32131,0.4,0.31504,0.38275,17686677.7,35598,0.24336649999999999,0.04835414958245172,0.06,19.13,Increase,0.4794582991649034,0.28604170083509656,False,False,neutral
2021-02-12 01:59:59.999,2021-02-11 00:00:00.000,2021-02-11 23:59:59.999,0.38275,0.40331,0.37297,0.39218,10069107.2,22472,0.252224,0.058127693499561456,0.01,2.46,Neutral,0.5084353869991229,0.27592461300087706,False,False,neutral
2021-02-13 01:59:59.999,2021-02-12 00:00:00.000,2021-02-12 23:59:59.999,0.39006,0.40705,0.36,0.40027,9278019.9,22092,0.262008,0.06566735683491626,0.01,2.06,Neutral,0.5316047136698325,0.2689352863301675,False,False,neutral
2021-02-14 01:59:59.999,2021-02-13 00:00:00.000,2021-02-13 23:59:59.999,0.40039,0.42534,0.39223,0.40015,9370907.1,22795,0.271697,0.07109738466579346,-0.0,-0.03,Neutral,0.5423447693315869,0.2579552306684131,False,False,neutral
2021-02-15 01:59:59.999,2021-02-14 00:00:00.000,2021-02-14 23:59:59.999,0.40015,0.40317,0.35231,0.35897,7921366.3,21679,0.27980499999999997,0.07135369444202823,-0.04,-10.29,Decrease,0.5016773888840564,0.21626261111594355,False,False,neutral
2021-02-16 01:59:59.999,2021-02-15 00:00:00.000,2021-02-15 23:59:59.999,0.35786,0.36469,0.3186,0.34983,5414608.5,13138,0.2848715,0.07260047616742508,-0.01,-2.55,Neutral,0.49503095233485017,0.2046290476651498,False,False,neutral
2021-02-17 01:59:59.999,2021-02-16 00:00:00.000,2021-02-16 23:59:59.999,0.34983,0.35678,0.33897,0.34636,2633005.6,6410,0.2913645,0.07196810196008269,-0.0,-0.99,Neutral,0.4902962039201654,0.20242379607983463,False,False,neutral
2021-02-18 01:59:59.999,2021-02-17 00:00:00.000,2021-02-17 23:59:59.999,0.34637,0.36418,0.3375,0.35536,3836028.9,10317,0.2980335,0.07137759129962888,0.01,2.6,Neutral,0.4981151825992578,0.21260481740074225,False,False,neutral
2021-02-19 01:59:59.999,2021-02-18 00:00:00.000,2021-02-18 23:59:59.999,0.35704,0.45362,0.34,0.44648,12835243.8,29529,0.30990449999999997,0.07542933852462959,0.09,25.64,Increase,0.5973386770492591,0.29562132295074084,False,False,neutral
2021-02-20 01:59:59.999,2021-02-19 00:00:00.000,2021-02-19 23:59:59.999,0.44648,0.5,0.42616,0.45592,15195532.8,41391,0.3219925,0.07858392736933859,0.01,2.11,Neutral,0.6130878547386771,0.2987521452613228,False,False,neutral
2021-02-21 01:59:59.999,2021-02-20 00:00:00.000,2021-02-20 23:59:59.999,0.45593,0.45733,0.4011,0.40896,7150360.0,17978,0.3317635,0.07651115902615985,-0.05,-10.3,Decrease,0.5619823180523197,0.2559376819476803,False,False,neutral
2021-02-22 01:59:59.999,2021-02-21 00:00:00.000,2021-02-21 23:59:59.999,0.40868,0.44528,0.40676,0.42271,3596993.5,10332,0.34230150000000004,0.07359926839417562,0.01,3.36,Neutral,0.5699085367883512,0.27551146321164877,False,False,neutral
2021-02-23 01:59:59.999,2021-02-22 00:00:00.000,2021-02-22 23:59:59.999,0.423,0.44926,0.33951,0.413,7153578.8,16844,0.352243,0.06864252250456326,-0.01,-2.3,Neutral,0.5502850450091266,0.27571495499087345,False,False,neutral
2021-02-24 01:59:59.999,2021-02-23 00:00:00.000,2021-02-23 23:59:59.999,0.41311,0.4154,0.36072,0.38434,5826923.1,12312,0.360145,0.06217287786571619,-0.03,-6.94,Decrease,0.5086857557314324,0.25999424426856765,False,False,neutral
2021-02-25 01:59:59.999,2021-02-24 00:00:00.000,2021-02-24 23:59:59.999,0.38351,0.429,0.37607,0.42563,4450587.6,10835,0.36913199999999996,0.057611505119249055,0.04,10.74,Increase,0.5408530102384981,0.3104069897615019,False,False,neutral
2021-02-26 01:59:59.999,2021-02-25 00:00:00.000,2021-02-25 23:59:59.999,0.42563,0.488,0.42434,0.46435,8623170.7,18631,0.378602,0.05687716465284959,0.04,9.1,Increase,0.5781043293056991,0.3505956706943008,False,False,neutral
2021-02-27 01:59:59.999,2021-02-26 00:00:00.000,2021-02-26 23:59:59.999,0.46424,0.54,0.44547,0.45679,18069167.1,35014,0.38898099999999997,0.05061819216343792,-0.01,-1.63,Neutral,0.5580263843268758,0.35555361567312416,False,False,neutral
2021-02-28 01:59:59.999,2021-02-27 00:00:00.000,2021-02-27 23:59:59.999,0.45734,0.47187,0.39131,0.40561,5265445.0,12561,0.3944845,0.0456654649512136,-0.05,-11.2,Decrease,0.4969409299024272,0.31427907009757283,False,False,neutral
2021-03-01 01:59:59.999,2021-02-28 00:00:00.000,2021-02-28 23:59:59.999,0.40561,0.40746,0.34704,0.37965,5517031.9,10079,0.3985295,0.039966490236723266,-0.03,-6.4,Decrease,0.45958298047344653,0.29971701952655344,False,False,neutral
2021-03-02 01:59:59.999,2021-03-01 00:00:00.000,2021-03-01 23:59:59.999,0.37965,0.41997,0.37499,0.40268,4147137.8,7968,0.4025995,0.035590899113914394,0.02,6.07,Increase,0.47386179822782876,0.3314982017721712,False,False,neutral
2021-03-03 01:59:59.999,2021-03-02 00:00:00.000,2021-03-02 23:59:59.999,0.40387,0.45759,0.40095,0.45661,5527191.1,14079,0.4062925,0.03721763615262881,0.05,13.39,Increase,0.5310452723052577,0.38217472769474237,False,False,neutral
2021-03-04 01:59:59.999,2021-03-03 00:00:00.000,2021-03-03 23:59:59.999,0.45661,0.52678,0.45578,0.49807,8208931.0,19242,0.41158700000000004,0.04229047959305397,0.04,9.08,Increase,0.582650959186108,0.41348904081389204,False,False,neutral
2021-03-05 01:59:59.999,2021-03-04 00:00:00.000,2021-03-04 23:59:59.999,0.49807,0.79,0.4568,0.60867,36899434.9,74199,0.42200699999999997,0.06092416123431861,0.11,22.21,Increase,0.7305183224686372,0.48682167753136285,True,True,above
2021-03-06 01:59:59.999,2021-03-05 00:00:00.000,2021-03-05 23:59:59.999,0.60845,0.73,0.54724,0.5997,29793961.5,67644,0.4319845,0.07241306173794299,-0.01,-1.47,Neutral,0.744526123475886,0.45487387652411404,False,False,neutral
2021-03-07 01:59:59.999,2021-03-06 00:00:00.000,2021-03-06 23:59:59.999,0.5997,1.259,0.5981,1.01428,140366245.6,372900,0.46475,0.14723678584261182,0.41,69.13,Increase,1.3087535716852237,0.7198064283147765,False,True,below
2021-03-08 01:59:59.999,2021-03-07 00:00:00.000,2021-03-07 23:59:59.999,1.01429,1.02879,0.84508,0.88122,37377404.9,148814,0.4913195,0.1713747262111521,-0.13,-13.12,Decrease,1.2239694524223041,0.5384705475776959,False,False,neutral
2021-03-09 01:59:59.999,2021-03-08 00:00:00.000,2021-03-08 23:59:59.999,0.88122,0.963,0.86666,0.94498,14573796.5,71851,0.5212505000000001,0.19532616935930247,0.06,7.24,Increase,1.335632338718605,0.5543276612813951,False,False,neutral
2021-03-10 01:59:59.999,2021-03-09 00:00:00.000,2021-03-09 23:59:59.999,0.94292,1.37275,0.91521,1.0834,45342136.1,197571,0.5576525,0.22790628574678382,0.14,14.65,Increase,1.5392125714935676,0.6275874285064322,False,False,neutral
2021-03-11 01:59:59.999,2021-03-10 00:00:00.000,2021-03-10 23:59:59.999,1.0856,1.15362,0.94056,1.01179,17035113.4,89199,0.585918,0.24759761508501935,-0.07,-6.61,Decrease,1.5069852301700386,0.5165947698299613,False,False,neutral
2021-03-12 01:59:59.999,2021-03-11 00:00:00.000,2021-03-11 23:59:59.999,1.01288,1.1288,0.93624,1.07785,16504553.0,73519,0.6170145,0.2685776147053015,0.07,6.53,Increase,1.615005229410603,0.540694770589397,False,False,neutral
2021-03-13 01:59:59.999,2021-03-12 00:00:00.000,2021-03-12 23:59:59.999,1.07718,1.137,0.95464,1.00766,22670587.3,95878,0.6469495000000001,0.27738818652937,-0.07,-6.51,Decrease,1.5624363730587398,0.45288362694126005,False,False,neutral
2021-03-14 01:59:59.999,2021-03-13 00:00:00.000,2021-03-13 23:59:59.999,1.01015,1.5979,0.97634,1.46887,35622868.4,166246,0.6992575000000001,0.32706729809458884,0.46,45.77,Increase,2.1230045961891775,0.8147354038108222,False,False,neutral
2021-03-15 01:59:59.999,2021-03-14 00:00:00.000,2021-03-14 23:59:59.999,1.46887,1.53571,1.30336,1.40622,18348802.1,115104,0.7489185,0.3554845213785499,-0.06,-4.27,Neutral,2.1171890427571,0.6952509572429002,False,False,neutral
2021-03-16 01:59:59.999,2021-03-15 00:00:00.000,2021-03-15 23:59:59.999,1.40622,1.90403,1.18,1.7643,30715985.6,144788,0.8179164999999999,0.4106402755168796,0.36,25.46,Increase,2.5855805510337593,0.9430194489662408,False,False,neutral
2021-03-17 01:59:59.999,2021-03-16 00:00:00.000,2021-03-16 23:59:59.999,1.76733,2.05672,1.6,1.74,50003399.1,265927,0.883635,0.4480280853332392,-0.02,-1.38,Neutral,2.6360561706664782,0.8439438293335216,False,False,neutral
2021-03-18 01:59:59.999,2021-03-17 00:00:00.000,2021-03-17 23:59:59.999,1.73808,1.74969,1.42794,1.631,16319910.4,101735,0.9419675,0.4661462985042468,-0.11,-6.26,Decrease,2.563292597008494,0.6987074029915064,False,False,neutral
2021-03-19 01:59:59.999,2021-03-18 00:00:00.000,2021-03-18 23:59:59.999,1.63199,1.775,1.47747,1.505,8484083.1,66878,0.994378,0.4676495674011964,-0.13,-7.73,Decrease,2.440299134802393,0.5697008651976071,False,False,neutral
2021-03-20 01:59:59.999,2021-03-19 00:00:00.000,2021-03-19 23:59:59.999,1.505,1.61778,1.46733,1.53602,8029531.7,66228,1.0508985,0.46100937311255547,0.03,2.06,Neutral,2.4580387462251108,0.614001253774889,False,False,neutral
2021-03-21 01:59:59.999,2021-03-20 00:00:00.000,2021-03-20 23:59:59.999,1.536,1.61,1.395,1.3994,7303170.6,68186,1.101886,0.4387150761917062,-0.14,-8.89,Decrease,2.2768301523834125,0.5219698476165876,False,False,neutral
2021-03-22 01:59:59.999,2021-03-21 00:00:00.000,2021-03-21 23:59:59.999,1.3988,1.561,1.28827,1.55491,9248857.1,61473,1.1594975,0.41719031747954555,0.16,11.11,Increase,2.389290634959091,0.7205293650409089,False,False,neutral
2021-03-23 01:59:59.999,2021-03-22 00:00:00.000,2021-03-22 23:59:59.999,1.55864,1.98798,1.53967,1.7582,32785546.9,230075,1.224577,0.40305376932795645,0.2,13.07,Increase,2.564307538655913,0.9520924613440871,False,False,neutral
2021-03-24 01:59:59.999,2021-03-23 00:00:00.000,2021-03-23 23:59:59.999,1.75819,1.89,1.63863,1.87305,10733030.5,97458,1.293326,0.38965374569035793,0.11,6.53,Increase,2.652357491380716,1.0937425086192842,False,False,neutral
2021-03-25 01:59:59.999,2021-03-24 00:00:00.000,2021-03-24 23:59:59.999,1.87308,2.45768,1.71714,2.05201,32857494.0,221433,1.3654929999999998,0.38983510986731684,0.18,9.55,Increase,2.8316802197346336,1.2723397802653664,False,False,neutral
2021-03-26 01:59:59.999,2021-03-25 00:00:00.000,2021-03-25 23:59:59.999,2.05201,2.54999,1.85001,2.39974,28507174.3,198299,1.455495,0.41094740237778904,0.35,16.95,Increase,3.221634804755578,1.577845195244422,False,False,neutral
2021-03-27 01:59:59.999,2021-03-26 00:00:00.000,2021-03-26 23:59:59.999,2.39623,3.475,2.32632,2.99688,45689850.6,364914,1.5546250000000001,0.5228132144516461,0.6,24.88,Increase,4.042506428903292,1.9512535710967078,False,False,neutral
2021-03-28 01:59:59.999,2021-03-27 00:00:00.000,2021-03-27 23:59:59.999,2.99205,4.99,2.91725,4.03,89654200.5,651016,1.7120640000000003,0.7388328565728374,1.03,34.47,Increase,5.507665713145675,2.5523342868543253,False,False,neutral
2021-03-29 02:59:59.999,2021-03-28 00:00:00.000,2021-03-28 23:59:59.999,4.02986,4.21204,3.40333,3.67509,38418169.7,308329,1.8485695,0.8355264332363034,-0.35,-8.81,Decrease,5.346142866472607,2.004037133527393,False,False,neutral
2021-03-30 02:59:59.999,2021-03-29 00:00:00.000,2021-03-29 23:59:59.999,3.67775,3.77,3.24142,3.32589,18635061.1,163426,1.9606940000000002,0.8768825588436632,-0.35,-9.5,Decrease,5.079655117687326,1.5721248823126734,False,False,neutral
2021-03-31 02:59:59.999,2021-03-30 00:00:00.000,2021-03-30 23:59:59.999,3.31871,3.641,3.14001,3.42417,22703885.4,180897,2.0813129999999997,0.9049542517143004,0.1,2.95,Neutral,5.234078503428601,1.6142614965713993,False,False,neutral
2021-04-01 02:59:59.999,2021-03-31 00:00:00.000,2021-03-31 23:59:59.999,3.42398,3.47,2.99241,3.16184,13755219.4,114735,2.1855125,0.9033082951478385,-0.26,-7.66,Decrease,4.968456590295677,1.3552234097043232,False,False,neutral
2021-04-02 02:59:59.999,2021-04-01 00:00:00.000,2021-04-01 23:59:59.999,3.166,3.4599,3.01342,3.12769,15501111.3,121788,2.2915140000000003,0.8819531917189016,-0.03,-1.08,Neutral,4.891596383437803,1.3637836165621966,False,False,neutral
2021-04-03 02:59:59.999,2021-04-02 00:00:00.000,2021-04-02 23:59:59.999,3.12788,3.4359,3.03114,3.18512,13436810.1,115261,2.3773265,0.8811923753359779,0.06,1.84,Neutral,4.947504750671956,1.422735249328044,False,False,neutral
2021-04-04 02:59:59.999,2021-04-03 00:00:00.000,2021-04-03 23:59:59.999,3.18513,3.43,3.00632,3.08472,12363499.0,102905,2.4612515,0.8635907187787449,-0.1,-3.15,Neutral,4.81190143755749,1.35753856244251,False,False,neutral
2021-04-05 02:59:59.999,2021-04-04 00:00:00.000,2021-04-04 23:59:59.999,3.084,3.19151,3.02732,3.049,7695369.6,62999,2.5254865,0.8567740555514345,-0.04,-1.16,Neutral,4.762548111102869,1.335451888897131,False,False,neutral
2021-04-06 02:59:59.999,2021-04-05 00:00:00.000,2021-04-05 23:59:59.999,3.04999,3.075,2.73001,2.75552,13201378.8,118610,2.5762625,0.8376513591105412,-0.29,-9.63,Decrease,4.430822718221083,1.0802172817789177,False,False,neutral
2021-04-07 02:59:59.999,2021-04-06 00:00:00.000,2021-04-06 23:59:59.999,2.75574,2.77,2.3802,2.39577,12060674.3,93699,2.6145009999999997,0.8092019746567732,-0.36,-13.06,Decrease,4.014173949313546,0.7773660506864537,False,False,neutral
2021-04-08 02:59:59.999,2021-04-07 00:00:00.000,2021-04-07 23:59:59.999,2.39616,2.6955,2.11901,2.46624,17010135.1,114052,2.662563,0.7672966426363749,0.07,2.94,Neutral,4.0008332852727495,0.9316467147272502,False,False,neutral
2021-04-09 02:59:59.999,2021-04-08 00:00:00.000,2021-04-08 23:59:59.999,2.46624,2.76664,2.23,2.4282,15192599.0,116058,2.707172,0.7230114742308548,-0.04,-1.54,Neutral,3.8742229484617097,0.9821770515382904,False,False,neutral
2021-04-10 02:59:59.999,2021-04-09 00:00:00.000,2021-04-09 23:59:59.999,2.4282,2.6,2.35194,2.3893,9365204.1,72996,2.756667,0.6599021518145503,-0.04,-1.6,Neutral,3.7091043036291005,1.0694956963708995,False,False,neutral
2021-04-11 02:59:59.999,2021-04-10 00:00:00.000,2021-04-10 23:59:59.999,2.3906,2.55039,2.27,2.35187,7615570.4,61975,2.7965150000000003,0.6053198202733738,-0.04,-1.57,Neutral,3.5625096405467476,1.1412303594532522,False,False,neutral
2021-04-12 02:59:59.999,2021-04-11 00:00:00.000,2021-04-11 23:59:59.999,2.34835,2.3676,2.178,2.26401,6659634.8,55993,2.8218055,0.5691406707759655,-0.09,-3.74,Neutral,3.4022913415519307,1.1257286584480688,False,False,neutral
2021-04-13 02:59:59.999,2021-04-12 00:00:00.000,2021-04-12 23:59:59.999,2.26497,3.186,2.23606,2.6268,49869284.9,324090,2.859493,0.5263571007465522,0.36,16.02,Increase,3.679514201493104,1.5740857985068955,False,False,neutral
2021-04-14 02:59:59.999,2021-04-13 00:00:00.000,2021-04-13 23:59:59.999,2.6306,2.84896,2.44781,2.61236,16251952.8,120993,2.8875105,0.4950986329640742,-0.01,-0.55,Neutral,3.602557265928148,1.6221627340718514,False,False,neutral
2021-04-15 02:59:59.999,2021-04-14 00:00:00.000,2021-04-14 23:59:59.999,2.61327,2.69799,2.37001,2.50395,9690649.6,77000,2.8927210000000003,0.4902193967033647,-0.11,-4.15,Neutral,3.4843887934067297,1.5235112065932708,False,False,neutral
2021-04-16 02:59:59.999,2021-04-15 00:00:00.000,2021-04-15 23:59:59.999,2.50306,2.69,2.4355,2.59904,7576981.0,61585,2.8728290000000003,0.4938288474221773,0.1,3.8,Neutral,3.5866976948443545,1.6113823051556455,False,False,neutral
2021-04-17 02:59:59.999,2021-04-16 00:00:00.000,2021-04-16 23:59:59.999,2.59904,2.63,2.34354,2.47719,6983034.8,54267,2.7951884999999996,0.41866933508406967,-0.12,-4.69,Neutral,3.314528670168139,1.6398513298318604,False,False,neutral
2021-04-18 02:59:59.999,2021-04-17 00:00:00.000,2021-04-17 23:59:59.999,2.47603,2.5042,2.3612,2.36433,5868269.9,43263,2.7296505,0.3738775509578815,-0.11,-4.56,Neutral,3.112085101915763,1.6165748980842367,False,False,neutral
2021-04-19 02:59:59.999,2021-04-18 00:00:00.000,2021-04-18 23:59:59.999,2.36542,2.383,1.99625,2.16135,9487678.9,62774,2.6714235,0.36674674220595915,-0.2,-8.59,Decrease,2.8948434844119184,1.4278565155880818,False,False,neutral
2021-04-20 02:59:59.999,2021-04-19 00:00:00.000,2021-04-19 23:59:59.999,2.162,2.28867,1.92113,1.92438,7083544.8,56191,2.596434,0.35795754532743407,-0.24,-10.96,Decrease,2.640295090654868,1.2084649093451318,False,False,neutral
2021-04-21 02:59:59.999,2021-04-20 00:00:00.000,2021-04-20 23:59:59.999,1.92225,2.05,1.76,1.89411,8061281.2,55616,2.5330475,0.36474623978978776,-0.03,-1.57,Neutral,2.6236024795795756,1.1646175204204243,False,False,neutral
2021-04-22 02:59:59.999,2021-04-21 00:00:00.000,2021-04-21 23:59:59.999,1.89824,1.98065,1.73831,1.75333,9293175.2,65173,2.4643295,0.37610699596727276,-0.14,-7.43,Decrease,2.5055439919345455,1.0011160080654546,False,False,neutral
2021-04-23 02:59:59.999,2021-04-22 00:00:00.000,2021-04-22 23:59:59.999,1.75161,2.13,1.67226,1.702,16434357.2,93070,2.3901735,0.3727068871502247,-0.05,-2.93,Neutral,2.4474137743004496,0.9565862256995505,False,False,neutral
2021-04-24 02:59:59.999,2021-04-23 00:00:00.000,2021-04-23 23:59:59.999,1.70047,1.74717,1.42,1.60358,12904718.4,56031,2.3161165,0.37458354134291566,-0.1,-5.78,Decrease,2.3527470826858314,0.8544129173141687,False,False,neutral
2021-04-25 02:59:59.999,2021-04-24 00:00:00.000,2021-04-24 23:59:59.999,1.60425,2.09989,1.52789,1.93662,21229574.9,108416,2.2604975,0.34112612771409095,0.33,20.77,Increase,2.618872255428182,1.2543677445718182,False,False,neutral
2021-04-26 02:59:59.999,2021-04-25 00:00:00.000,2021-04-25 23:59:59.999,1.93601,2.27,1.76406,1.9395,26898486.13,168490,2.2196965,0.3273233836867718,0.0,0.15,Neutral,2.5941467673735437,1.2848532326264563,False,False,neutral
2021-04-27 02:59:59.999,2021-04-26 00:00:00.000,2021-04-26 23:59:59.999,1.9395,2.5,1.918,2.2739,21838167.08,143941,2.213603,0.3249991805511932,0.33,17.24,Increase,2.923898361102386,1.6239016388976135,False,False,neutral
2021-04-28 02:59:59.999,2021-04-27 00:00:00.000,2021-04-27 23:59:59.999,2.272,2.4858,2.1629,2.4386,13971950.97,103182,2.212221,0.3239253388294735,0.16,7.24,Increase,3.086450677658947,1.790749322341053,False,False,neutral
2021-04-29 02:59:59.999,2021-04-28 00:00:00.000,2021-04-28 23:59:59.999,2.4427,2.4653,2.1051,2.2661,10022992.99,70635,2.204116,0.32024390994496965,-0.17,-7.07,Decrease,2.906587819889939,1.6256121801100605,False,False,neutral
2021-04-30 02:59:59.999,2021-04-29 00:00:00.000,2021-04-29 23:59:59.999,2.2635,2.3943,2.1143,2.2189,7136883.59,51638,2.1955959999999997,0.31731113073515205,-0.05,-2.08,Neutral,2.853522261470304,1.584277738529696,False,False,neutral
2021-05-01 02:59:59.999,2021-04-30 00:00:00.000,2021-04-30 23:59:59.999,2.2163,2.3971,2.1683,2.2719,6332410.5,46501,2.1915975,0.3157382074619977,0.05,2.39,Neutral,2.9033764149239953,1.6404235850760047,False,False,neutral
2021-05-02 02:59:59.999,2021-05-01 00:00:00.000,2021-05-01 23:59:59.999,2.2727,2.85,2.2289,2.6688,21404911.35,150145,2.211837,0.3331198303455881,0.4,17.47,Increase,3.3350396606911765,2.0025603393088236,False,False,neutral
2021-05-03 02:59:59.999,2021-05-02 00:00:00.000,2021-05-02 23:59:59.999,2.6692,3.0927,2.4924,2.6836,26568892.05,197565,2.214677,0.337062568830055,0.01,0.55,Neutral,3.3577251376601103,2.00947486233989,False,False,neutral
2021-05-04 02:59:59.999,2021-05-03 00:00:00.000,2021-05-03 23:59:59.999,2.6836,2.8698,2.5583,2.6328,11031807.56,89857,2.215699,0.33836032769348395,-0.05,-1.89,Neutral,3.309520655386968,1.9560793446130322,False,False,neutral
2021-05-05 02:59:59.999,2021-05-04 00:00:00.000,2021-05-04 23:59:59.999,2.6292,2.6342,2.1971,2.2685,9869892.01,77833,2.2039265,0.3318365154913196,-0.36,-13.84,Decrease,2.9321730309826393,1.6048269690173607,False,False,neutral
2021-05-06 02:59:59.999,2021-05-05 00:00:00.000,2021-05-05 23:59:59.999,2.268,2.4616,2.229,2.428,7189263.33,59620,2.1953745,0.3232096849688006,0.16,7.03,Increase,3.0744193699376012,1.7815806300623986,False,False,neutral
2021-05-07 02:59:59.999,2021-05-06 00:00:00.000,2021-05-06 23:59:59.999,2.4304,2.55,2.3,2.345,7935078.99,62358,2.188765,0.31846007872589777,-0.08,-3.42,Neutral,2.9819201574517957,1.7080798425482047,False,False,neutral
2021-05-08 02:59:59.999,2021-05-07 00:00:00.000,2021-05-07 23:59:59.999,2.3457,2.3975,2.2259,2.2829,6258210.41,52372,2.1846935000000003,0.31661253090995983,-0.06,-2.65,Neutral,2.91612506181992,1.6496749381800804,False,False,neutral
2021-05-09 02:59:59.999,2021-05-08 00:00:00.000,2021-05-08 23:59:59.999,2.2827,2.38,2.1689,2.2279,6055080.06,46762,2.188021,0.316703982440518,-0.06,-2.41,Neutral,2.861307964881036,1.594492035118964,False,False,neutral
2021-05-10 02:59:59.999,2021-05-09 00:00:00.000,2021-05-09 23:59:59.999,2.2261,2.323,2.0517,2.1517,5313413.34,43554,2.199387,0.31076778912710223,-0.08,-3.42,Neutral,2.773235578254204,1.5301644217457955,False,False,neutral
2021-05-11 02:59:59.999,2021-05-10 00:00:00.000,2021-05-10 23:59:59.999,2.1521,2.5631,1.9912,2.0786,12118136.05,86098,2.2086115,0.3038913743822734,-0.07,-3.4,Neutral,2.6863827487645464,1.470817251235453,False,False,neutral
2021-05-12 02:59:59.999,2021-05-11 00:00:00.000,2021-05-11 23:59:59.999,2.0757,2.1706,1.9655,2.1454,6208512.52,46808,2.228215,0.28503719852346454,0.07,3.21,Neutral,2.715474397046929,1.575325602953071,False,False,neutral
2021-05-13 02:59:59.999,2021-05-12 00:00:00.000,2021-05-12 23:59:59.999,2.1474,2.1856,1.77,1.7788,5305802.32,37177,2.232055,0.2780055461676973,-0.37,-17.09,Decrease,2.3348110923353946,1.2227889076646052,False,False,neutral
2021-05-14 02:59:59.999,2021-05-13 00:00:00.000,2021-05-13 23:59:59.999,1.7787,1.9484,1.7,1.8129,5846249.02,35597,2.242521,0.2561839322357847,0.03,1.92,Neutral,2.325267864471569,1.3005321355284307,False,False,neutral
2021-05-15 02:59:59.999,2021-05-14 00:00:00.000,2021-05-14 23:59:59.999,1.81,2.1037,1.8,1.996,5032286.52,37119,2.24549,0.25277354312756467,0.18,10.1,Increase,2.5015470862551292,1.4904529137448708,False,False,neutral
2021-05-16 02:59:59.999,2021-05-15 00:00:00.000,2021-05-15 23:59:59.999,1.9974,2.0208,1.7564,1.7985,4390439.51,32295,2.2384399999999998,0.26349582519413184,-0.2,-9.89,Decrease,2.3254916503882637,1.2715083496117363,False,False,neutral
2021-05-17 02:59:59.999,2021-05-16 00:00:00.000,2021-05-16 23:59:59.999,1.8002,1.9279,1.6189,1.8462,5819829.87,35607,2.217055,0.2774526407667095,0.05,2.65,Neutral,2.401105281533419,1.291294718466581,False,False,neutral
2021-05-18 02:59:59.999,2021-05-17 00:00:00.000,2021-05-17 23:59:59.999,1.8461,2.3675,1.7129,2.0559,26226781.19,156662,2.19792,0.27455084583254913,0.21,11.36,Increase,2.605001691665098,1.5067983083349015,False,False,neutral
2021-05-19 02:59:59.999,2021-05-18 00:00:00.000,2021-05-18 23:59:59.999,2.0568,2.3191,1.9501,1.9992,12802162.12,86551,2.1845749999999997,0.27753278777375734,-0.06,-2.76,Neutral,2.5542655755475145,1.4441344244524854,False,False,neutral
2021-05-20 02:59:59.999,2021-05-19 00:00:00.000,2021-05-19 23:59:59.999,2.0032,2.0578,0.98,1.2568,18537396.05,86119,2.13647,0.3461647722962971,-0.74,-37.13,Decrease,1.9491295445925942,0.5644704554074057,True,False,above
2021-05-21 02:59:59.999,2021-05-20 00:00:00.000,2021-05-20 23:59:59.999,1.2567,1.5019,1.16,1.4138,8590484.17,44004,2.093565,0.3800183378885536,0.16,12.49,Increase,2.1738366757771073,0.6537633242228927,False,False,neutral
2021-05-22 02:59:59.999,2021-05-21 00:00:00.000,2021-05-21 23:59:59.999,1.4119,1.4971,1.0772,1.2117,6529615.52,34016,2.0207100000000002,0.4029168882562573,-0.2,-14.29,Decrease,2.0175337765125145,0.40586622348748536,False,False,neutral
2021-05-23 02:59:59.999,2021-05-22 00:00:00.000,2021-05-22 23:59:59.999,1.2118,1.2351,1.064,1.0945,4724909.13,24143,1.941255,0.42156838925112705,-0.12,-9.67,Decrease,1.9376367785022541,0.2513632214977459,False,False,neutral
2021-05-24 02:59:59.999,2021-05-23 00:00:00.000,2021-05-23 23:59:59.999,1.0936,1.1363,0.732,0.9156,10685347.27,44361,1.8553950000000001,0.44738851181048506,-0.18,-16.35,Decrease,1.81037702362097,0.020822976379029856,False,False,neutral
2021-05-25 02:59:59.999,2021-05-24 00:00:00.000,2021-05-24 23:59:59.999,0.9154,1.17,0.8854,1.1619,8531262.16,37329,1.800065,0.46180563953954373,0.25,26.9,Increase,2.0855112790790873,0.23828872092091247,False,False,neutral
2021-05-26 02:59:59.999,2021-05-25 00:00:00.000,2021-05-25 23:59:59.999,1.1619,1.1965,1.0177,1.1748,8439536.51,38318,1.737405,0.4571164178274165,0.01,1.11,Neutral,2.089032835654833,0.260567164345167,False,False,neutral
2021-05-27 02:59:59.999,2021-05-26 00:00:00.000,2021-05-26 23:59:59.999,1.1754,1.2926,1.1419,1.2682,6836250.12,38227,1.6835650000000002,0.44504048931707313,0.09,7.95,Increase,2.158280978634146,0.37811902136585374,False,False,neutral
2021-05-28 02:59:59.999,2021-05-27 00:00:00.000,2021-05-27 23:59:59.999,1.2681,1.359,1.1519,1.2269,7407117.91,39349,1.6307649999999998,0.43266270961278225,-0.04,-3.26,Neutral,2.0922254192255645,0.3615745807744356,False,False,neutral
2021-05-29 02:59:59.999,2021-05-28 00:00:00.000,2021-05-28 23:59:59.999,1.2269,1.2349,1.0235,1.0553,6035016.58,27822,1.5721349999999998,0.42689722697007304,-0.17,-13.99,Decrease,1.909094453940146,0.20150554605985382,False,False,neutral
2021-05-30 02:59:59.999,2021-05-29 00:00:00.000,2021-05-29 23:59:59.999,1.0531,1.0985,0.9221,0.9611,5592491.59,26135,1.512605,0.42483280733038015,-0.09,-8.93,Decrease,1.8107656146607602,0.11143438533923966,False,False,neutral
2021-05-31 02:59:59.999,2021-05-30 00:00:00.000,2021-05-30 23:59:59.999,0.9598,1.093,0.902,1.0033,7366502.8,29366,1.45884,0.4174107599551278,0.04,4.39,Neutral,1.8381215199102556,0.16847848008974453,False,False,neutral
2021-06-01 02:59:59.999,2021-05-31 00:00:00.000,2021-05-31 23:59:59.999,1.0033,1.079,0.943,1.0685,5585331.99,26208,1.404995,0.3929254723427728,0.07,6.5,Increase,1.8543509446855455,0.2826490553144544,False,False,neutral
2021-06-02 02:59:59.999,2021-06-01 00:00:00.000,2021-06-01 23:59:59.999,1.0664,1.2,1.0245,1.1085,14788407.15,60501,1.37148,0.3879183386663821,0.04,3.74,Neutral,1.8843366773327643,0.33266332266723586,False,False,neutral
2021-06-03 02:59:59.999,2021-06-02 00:00:00.000,2021-06-02 23:59:59.999,1.1084,1.188,1.0928,1.1725,6731481.88,32928,1.33946,0.3758056558214235,0.06,5.77,Increase,1.924111311642847,0.4208886883571531,False,False,neutral
2021-06-04 02:59:59.999,2021-06-03 00:00:00.000,2021-06-03 23:59:59.999,1.1727,1.27,1.1456,1.1743,7608561.38,38815,1.2983749999999998,0.34380544050531614,0.0,0.15,Neutral,1.8619108810106322,0.4866891189893676,False,False,neutral
2021-06-05 02:59:59.999,2021-06-04 00:00:00.000,2021-06-04 23:59:59.999,1.1742,1.1848,1.0391,1.0773,6274047.47,28699,1.262315,0.32594672679830405,-0.1,-8.26,Decrease,1.729193453596608,0.4254065464033918,False,False,neutral
2021-06-06 02:59:59.999,2021-06-05 00:00:00.000,2021-06-05 23:59:59.999,1.0784,1.1334,1.0148,1.0392,3701359.58,16887,1.2219650000000002,0.2986707627137314,-0.04,-3.54,Neutral,1.6365415254274627,0.44185847457253713,False,False,neutral
2021-06-07 02:59:59.999,2021-06-06 00:00:00.000,2021-06-06 23:59:59.999,1.0392,1.1001,1.0322,1.09,2896586.43,12818,1.17367,0.2259715051901387,0.05,4.89,Neutral,1.5419430103802774,0.6380569896197227,False,False,neutral
2021-06-08 02:59:59.999,2021-06-07 00:00:00.000,2021-06-07 23:59:59.999,1.0921,1.1322,0.9909,0.9983,4602399.7,19090,1.123625,0.11906745489759886,-0.09,-8.41,Decrease,1.2364349097951977,0.7601650902048023,False,False,neutral
2021-06-09 02:59:59.999,2021-06-08 00:00:00.000,2021-06-08 23:59:59.999,0.9975,1.093,0.9078,0.9972,9502099.66,32265,1.110645,0.1179299991966786,-0.0,-0.11,Neutral,1.2330599983933572,0.7613400016066427,False,False,neutral
2021-06-10 02:59:59.999,2021-06-09 00:00:00.000,2021-06-09 23:59:59.999,0.9972,1.0621,0.9636,1.0538,5706874.72,25744,1.092645,0.09433719183418723,0.06,5.68,Increase,1.2424743836683745,0.8651256163316257,False,False,neutral
2021-06-11 02:59:59.999,2021-06-10 00:00:00.000,2021-06-10 23:59:59.999,1.0538,1.0642,0.9793,0.9971,3879080.2,16153,1.081915,0.09226469516389561,-0.06,-5.38,Decrease,1.1816293903277912,0.8125706096722087,False,False,neutral
2021-06-12 02:59:59.999,2021-06-11 00:00:00.000,2021-06-11 23:59:59.999,0.9984,1.2367,0.9734,1.0337,10998235.22,50162,1.078875,0.09282813137021875,0.04,3.67,Neutral,1.2193562627404375,0.8480437372595626,True,False,above
2021-06-13 02:59:59.999,2021-06-12 00:00:00.000,2021-06-12 23:59:59.999,1.0336,1.06,0.9618,0.9851,6204891.08,27484,1.08235,0.08754478252512135,-0.05,-4.7,Neutral,1.1601895650502427,0.8100104349497572,False,False,neutral
2021-06-14 02:59:59.999,2021-06-13 00:00:00.000,2021-06-13 23:59:59.999,0.986,1.0397,0.967,1.0296,4568588.06,21818,1.075735,0.08620565541957313,0.04,4.52,Neutral,1.2020113108391464,0.8571886891608538,False,False,neutral
2021-06-15 02:59:59.999,2021-06-14 00:00:00.000,2021-06-14 23:59:59.999,1.0296,1.217,1.0212,1.1181,11367787.67,51498,1.0729,0.0836713684287477,0.09,8.6,Increase,1.2854427368574954,0.9507572631425047,False,False,neutral
2021-06-16 02:59:59.999,2021-06-15 00:00:00.000,2021-06-15 23:59:59.999,1.1181,1.1295,1.0635,1.0732,5837598.24,24371,1.0631499999999998,0.06995254406420866,-0.04,-4.02,Neutral,1.2131050881284173,0.9332949118715826,False,False,neutral
2021-06-17 02:59:59.999,2021-06-16 00:00:00.000,2021-06-16 23:59:59.999,1.0732,1.1342,1.0112,1.0173,4603014.58,17348,1.05267,0.058967146071282096,-0.06,-5.21,Decrease,1.1352342921425642,0.8993657078574359,False,False,neutral
2021-06-18 02:59:59.999,2021-06-17 00:00:00.000,2021-06-17 23:59:59.999,1.0173,1.0851,0.9666,1.0198,4224638.07,15032,1.0508950000000001,0.059416402794641505,0.0,0.25,Neutral,1.1386328055892831,0.900967194410717,False,False,neutral
2021-06-19 02:59:59.999,2021-06-18 00:00:00.000,2021-06-18 23:59:59.999,1.0192,1.045,0.8821,0.9133,4500659.27,16441,1.048505,0.06400282456762388,-0.11,-10.44,Decrease,1.0413056491352477,0.7852943508647523,True,False,above
2021-06-20 02:59:59.999,2021-06-19 00:00:00.000,2021-06-19 23:59:59.999,0.9136,0.9418,0.8876,0.8887,2782958.37,10647,1.042775,0.07278966001614265,-0.02,-2.69,Neutral,1.0342793200322853,0.7431206799677148,False,False,neutral
2021-06-21 02:59:59.999,2021-06-20 00:00:00.000,2021-06-20 23:59:59.999,0.888,0.9098,0.8149,0.8929,3317885.85,12716,1.0339950000000002,0.07977841994848099,0.0,0.47,Neutral,1.052456839896962,0.733343160103038,False,False,neutral
2021-06-22 02:59:59.999,2021-06-21 00:00:00.000,2021-06-21 23:59:59.999,0.892,0.9025,0.74,0.7441,4573433.84,17291,1.015775,0.10072789753642152,-0.15,-16.66,Decrease,0.945555795072843,0.5426442049271569,False,False,neutral
2021-06-23 02:59:59.999,2021-06-22 00:00:00.000,2021-06-22 23:59:59.999,0.7448,0.7989,0.59,0.664,10478060.63,32038,0.99035,0.12118502382721494,-0.08,-10.76,Decrease,0.9063700476544299,0.42162995234557016,False,False,neutral
2021-06-24 02:59:59.999,2021-06-23 00:00:00.000,2021-06-23 23:59:59.999,0.6638,0.78,0.6485,0.728,5283443.93,17855,0.9680350000000001,0.1265038225967171,0.06,9.64,Increase,0.9810076451934342,0.47499235480656576,False,False,neutral
2021-06-25 02:59:59.999,2021-06-24 00:00:00.000,2021-06-24 23:59:59.999,0.729,0.7475,0.7001,0.7292,3013239.22,11568,0.95063,0.13438079475878534,0.0,0.16,Neutral,0.9979615895175706,0.4604384104824293,False,False,neutral
2021-06-26 02:59:59.999,2021-06-25 00:00:00.000,2021-06-25 23:59:59.999,0.7307,0.7447,0.6516,0.6583,3295729.23,12582,0.9315849999999999,0.1475169402404266,-0.07,-9.72,Decrease,0.9533338804808532,0.3632661195191468,False,False,neutral
2021-06-27 02:59:59.999,2021-06-26 00:00:00.000,2021-06-26 23:59:59.999,0.6587,0.7345,0.6373,0.7093,4772807.57,16188,0.9125499999999999,0.15053105816969178,0.05,7.75,Increase,1.0103621163393837,0.4082378836606165,False,False,neutral
2021-06-28 02:59:59.999,2021-06-27 00:00:00.000,2021-06-27 23:59:59.999,0.7088,0.7609,0.6647,0.7456,5664000.84,18858,0.899915,0.15353017284458184,0.04,5.12,Increase,1.0526603456891637,0.43853965431083636,False,False,neutral
2021-06-29 02:59:59.999,2021-06-28 00:00:00.000,2021-06-28 23:59:59.999,0.7467,0.8694,0.732,0.7682,9163117.5,36435,0.8884649999999998,0.1544295420163235,0.02,3.03,Neutral,1.077059084032647,0.459340915967353,False,False,neutral
2021-06-30 02:59:59.999,2021-06-29 00:00:00.000,2021-06-29 23:59:59.999,0.7686,0.8426,0.763,0.7983,6032399.5,24534,0.87569,0.15055183370381778,0.03,3.92,Neutral,1.0994036674076355,0.49719633259236445,False,False,neutral
2021-07-01 02:59:59.999,2021-06-30 00:00:00.000,2021-06-30 23:59:59.999,0.7989,0.8137,0.7383,0.7848,4610392.78,15872,0.865075,0.14901753296703726,-0.01,-1.69,Neutral,1.0828350659340746,0.4867649340659255,False,False,neutral
2021-07-02 02:59:59.999,2021-07-01 00:00:00.000,2021-07-01 23:59:59.999,0.7846,0.8083,0.7344,0.7583,5884158.41,19509,0.851305,0.145293265954008,-0.03,-3.38,Neutral,1.0488865319080158,0.467713468091984,False,False,neutral
2021-07-03 02:59:59.999,2021-07-02 00:00:00.000,2021-07-02 23:59:59.999,0.7578,0.8537,0.7512,0.8245,6357776.06,24693,0.843275,0.14190810916706487,0.07,8.73,Increase,1.1083162183341297,0.5406837816658703,False,False,neutral
2021-07-04 02:59:59.999,2021-07-03 00:00:00.000,2021-07-03 23:59:59.999,0.8246,0.8836,0.8184,0.8682,9208581.27,33596,0.835205,0.13518448787919826,0.04,5.3,Increase,1.1385689757583966,0.5978310242416034,False,False,neutral
2021-07-05 02:59:59.999,2021-07-04 00:00:00.000,2021-07-04 23:59:59.999,0.8681,0.8988,0.8418,0.8489,4857694.64,16258,0.8217450000000002,0.11782158892067587,-0.02,-2.22,Neutral,1.0845431778413517,0.6132568221586483,False,False,neutral
2021-07-06 02:59:59.999,2021-07-05 00:00:00.000,2021-07-05 23:59:59.999,0.8484,0.8595,0.7815,0.789,10409447.06,33271,0.807535,0.10197026024134453,-0.06,-7.06,Decrease,0.9929405204826891,0.585059479517311,False,False,neutral
2021-07-07 02:59:59.999,2021-07-06 00:00:00.000,2021-07-06 23:59:59.999,0.789,0.8521,0.7861,0.8506,8354060.94,22545,0.7992,0.09003640784063664,0.06,7.81,Increase,1.0306728156812732,0.6705271843187267,False,False,neutral
2021-07-08 02:59:59.999,2021-07-07 00:00:00.000,2021-07-07 23:59:59.999,0.8519,1.06,0.8319,0.9121,17280850.72,53789,0.793815,0.07864866094489102,0.06,7.23,Increase,1.069397321889782,0.754802678110218,False,False,neutral
2021-07-09 02:59:59.999,2021-07-08 00:00:00.000,2021-07-08 23:59:59.999,0.9143,0.9278,0.81,0.8292,15222391.68,38713,0.78961,0.07403712368949728,-0.08,-9.09,Decrease,0.9772742473789946,0.6811257526210055,False,False,neutral
2021-07-10 02:59:59.999,2021-07-09 00:00:00.000,2021-07-09 23:59:59.999,0.8289,0.8652,0.7859,0.849,9293002.73,22149,0.787625,0.07173707750861533,0.02,2.39,Neutral,0.9924741550172307,0.7055258449827693,False,False,neutral
2021-07-11 02:59:59.999,2021-07-10 00:00:00.000,2021-07-10 23:59:59.999,0.8509,0.8666,0.8005,0.8227,12735542.58,29889,0.784115,0.06793146139582038,-0.03,-3.1,Neutral,0.9585629227916408,0.6868370772083592,False,False,neutral
2021-07-12 02:59:59.999,2021-07-11 00:00:00.000,2021-07-11 23:59:59.999,0.8234,1.0834,0.8108,1.004,25645251.5,81910,0.79711,0.0830503328679485,0.18,22.04,Increase,1.170100665735897,0.837899334264103,False,True,below
2021-07-13 02:59:59.999,2021-07-12 00:00:00.000,2021-07-12 23:59:59.999,1.0054,1.0442,0.9086,0.9282,13309186.15,48046,0.8103200000000002,0.08176539996589177,-0.08,-7.55,Decrease,1.0917307999317836,0.7646692000682165,False,False,neutral
2021-07-14 02:59:59.999,2021-07-13 00:00:00.000,2021-07-13 23:59:59.999,0.9282,1.4122,0.91,1.2665,42621320.96,180172,0.837245,0.12852411805204433,0.34,36.45,Increase,1.5235482361040886,1.0094517638959113,False,True,below
2021-07-15 02:59:59.999,2021-07-14 00:00:00.000,2021-07-14 23:59:59.999,1.2663,1.4075,1.0921,1.2813,38556980.35,160954,0.86485,0.1596247128341082,0.01,1.17,Neutral,1.6005494256682165,0.9620505743317838,False,False,neutral
2021-07-16 02:59:59.999,2021-07-15 00:00:00.000,2021-07-15 23:59:59.999,1.2795,1.34,1.0885,1.1408,22035739.92,91362,0.888975,0.16318638318774553,-0.14,-10.97,Decrease,1.4671727663754912,0.814427233624509,False,False,neutral
2021-07-17 02:59:59.999,2021-07-16 00:00:00.000,2021-07-16 23:59:59.999,1.1411,1.159,0.9546,0.9628,18473863.69,71363,0.9016500000000001,0.15826693473869352,-0.18,-15.6,Decrease,1.279333869477387,0.646266130522613,False,False,neutral
2021-07-18 02:59:59.999,2021-07-17 00:00:00.000,2021-07-17 23:59:59.999,0.9626,0.9784,0.9,0.9077,7635873.36,31919,0.909755,0.15394654053309595,-0.06,-5.72,Decrease,1.215593081066192,0.599806918933808,False,False,neutral
2021-07-19 02:59:59.999,2021-07-18 00:00:00.000,2021-07-18 23:59:59.999,0.9078,1.1698,0.9058,1.0449,22223190.56,97403,0.9235900000000001,0.1529859673647526,0.14,15.12,Increase,1.350871934729505,0.7389280652704948,False,False,neutral
2021-07-20 02:59:59.999,2021-07-19 00:00:00.000,2021-07-19 23:59:59.999,1.0447,1.0618,0.8866,0.8896,10774182.75,49014,0.928155,0.15039078385467597,-0.16,-14.86,Decrease,1.1903815677093519,0.588818432290648,False,False,neutral
2021-07-21 02:59:59.999,2021-07-20 00:00:00.000,2021-07-20 23:59:59.999,0.89,0.9185,0.79,0.8269,8492936.19,37634,0.93026,0.14856217341040703,-0.06,-7.05,Decrease,1.124024346820814,0.529775653179186,False,False,neutral
2021-07-22 02:59:59.999,2021-07-21 00:00:00.000,2021-07-21 23:59:59.999,0.8268,0.9744,0.8082,0.927,9250633.88,37031,0.9386950000000001,0.14296872486483345,0.1,12.11,Increase,1.212937449729667,0.6410625502703331,False,False,neutral
2021-07-23 02:59:59.999,2021-07-22 00:00:00.000,2021-07-22 23:59:59.999,0.9257,1.0304,0.8952,0.9476,18480720.36,55621,0.9448500000000001,0.14042083178788942,0.02,2.22,Neutral,1.2284416635757789,0.6667583364242211,False,False,neutral
2021-07-24 02:59:59.999,2021-07-23 00:00:00.000,2021-07-23 23:59:59.999,0.9488,1.03,0.8921,1.0274,18113439.8,59320,0.95281,0.14035935796527335,0.08,8.42,Increase,1.3081187159305467,0.7466812840694534,False,False,neutral
2021-07-25 02:59:59.999,2021-07-24 00:00:00.000,2021-07-24 23:59:59.999,1.0275,1.2676,0.998,1.11,33726885.43,137173,0.965865,0.14231488169771359,0.08,8.04,Increase,1.3946297633954272,0.825370236604573,False,False,neutral
2021-07-26 02:59:59.999,2021-07-25 00:00:00.000,2021-07-25 23:59:59.999,1.1104,1.2999,1.0399,1.2523,27313713.54,103014,0.98903,0.14953408729503925,0.14,12.82,Increase,1.5513681745900785,0.9532318254099215,False,False,neutral
2021-07-27 02:59:59.999,2021-07-26 00:00:00.000,2021-07-26 23:59:59.999,1.2524,1.3341,1.1,1.1204,17834872.42,73960,1.00252,0.14855515226056737,-0.13,-10.53,Decrease,1.4175103045211348,0.8232896954788653,False,False,neutral
2021-07-28 02:59:59.999,2021-07-27 00:00:00.000,2021-07-27 23:59:59.999,1.1202,1.2432,1.0468,1.2073,11961569.21,50430,1.01728,0.15367531596468087,0.09,7.76,Increase,1.5146506319293618,0.8999493680706383,False,False,neutral
2021-07-29 02:59:59.999,2021-07-28 00:00:00.000,2021-07-28 23:59:59.999,1.2052,1.22,1.097,1.1264,8242504.45,32397,1.0321399999999998,0.148823924222737,-0.08,-6.7,Decrease,1.4240478484454742,0.8287521515545261,False,False,neutral
2021-07-30 02:59:59.999,2021-07-29 00:00:00.000,2021-07-29 23:59:59.999,1.1258,1.194,1.1039,1.1248,5762483.86,24135,1.04593,0.14364887417809385,-0.0,-0.14,Neutral,1.4120977483561878,0.8375022516438123,False,False,neutral
2021-07-31 02:59:59.999,2021-07-30 00:00:00.000,2021-07-30 23:59:59.999,1.1245,1.1411,1.0583,1.1239,5774882.39,23970,1.0609899999999999,0.13451210041441225,-0.0,-0.08,Neutral,1.3929242008288245,0.8548757991711754,False,False,neutral
2021-08-01 02:59:59.999,2021-07-31 00:00:00.000,2021-07-31 23:59:59.999,1.1239,1.2152,1.1089,1.1624,7413768.78,29784,1.06891,0.13563848972448417,0.04,3.43,Neutral,1.4336769794489683,0.8911230205510318,False,False,neutral
2021-08-02 02:59:59.999,2021-08-01 00:00:00.000,2021-08-01 23:59:59.999,1.1628,1.2,1.1,1.1217,6932089.08,28951,1.078585,0.13192373504575725,-0.04,-3.5,Neutral,1.3855474700915145,0.8578525299084854,False,False,neutral
2021-08-03 02:59:59.999,2021-08-02 00:00:00.000,2021-08-02 23:59:59.999,1.1227,1.165,1.1057,1.121,4199635.79,19566,1.07131,0.12483716509708087,-0.0,-0.06,Neutral,1.3706743301941617,0.8713256698058383,False,False,neutral
2021-08-04 02:59:59.999,2021-08-03 00:00:00.000,2021-08-03 23:59:59.999,1.121,1.1355,1.0503,1.0747,7744154.97,26671,1.06098,0.11468114882027922,-0.05,-4.13,Neutral,1.3040622976405585,0.8453377023594415,False,False,neutral
2021-08-05 02:59:59.999,2021-08-04 00:00:00.000,2021-08-04 23:59:59.999,1.0747,1.1672,1.0517,1.1409,4683491.12,20393,1.060985,0.11468481418769158,0.07,6.16,Increase,1.3702696283753832,0.9115303716246168,False,False,neutral
2021-08-06 02:59:59.999,2021-08-05 00:00:00.000,2021-08-05 23:59:59.999,1.1409,1.173,1.0811,1.173,6218624.17,26548,1.071495,0.11484483571095315,0.03,2.81,Neutral,1.4026896714219064,0.9433103285780937,False,False,neutral
2021-08-07 02:59:59.999,2021-08-06 00:00:00.000,2021-08-06 23:59:59.999,1.173,1.4,1.1628,1.3474,15442963.6,71249,1.09348,0.12359214589251948,0.17,14.87,Increase,1.5945842917850388,1.100215708214961,False,False,neutral
2021-08-08 02:59:59.999,2021-08-07 00:00:00.000,2021-08-07 23:59:59.999,1.3484,1.4494,1.2731,1.346,11812052.07,52315,1.108535,0.1351604554243891,-0.0,-0.1,Neutral,1.6163209108487782,1.075679089151222,False,False,neutral
2021-08-09 02:59:59.999,2021-08-08 00:00:00.000,2021-08-08 23:59:59.999,1.3463,1.3586,1.2012,1.2644,7658552.59,36514,1.127275,0.129052465361152,-0.08,-6.06,Decrease,1.522504930722304,1.006295069277696,False,False,neutral
2021-08-10 02:59:59.999,2021-08-09 00:00:00.000,2021-08-09 23:59:59.999,1.2659,1.4385,1.2242,1.3529,9589460.29,48676,1.153575,0.11771596893415526,0.09,7.0,Increase,1.5883319378683105,1.1174680621316895,False,False,neutral
2021-08-11 02:59:59.999,2021-08-10 00:00:00.000,2021-08-10 23:59:59.999,1.3545,1.4831,1.3231,1.467,6838890.65,42483,1.180575,0.12473190987917598,0.11,8.43,Increase,1.716463819758352,1.2175361802416482,False,False,neutral
2021-08-12 02:59:59.999,2021-08-11 00:00:00.000,2021-08-11 23:59:59.999,1.4657,1.749,1.4495,1.5618,12059960.36,81835,1.211285,0.1391318960555108,0.09,6.46,Increase,1.8400637921110217,1.2835362078889785,False,False,neutral
2021-08-13 02:59:59.999,2021-08-12 00:00:00.000,2021-08-12 23:59:59.999,1.5613,1.6486,1.4093,1.4783,7326559.42,42454,1.23383,0.14420631820599147,-0.08,-5.35,Decrease,1.766712636411983,1.189887363588017,False,False,neutral
2021-08-14 02:59:59.999,2021-08-13 00:00:00.000,2021-08-13 23:59:59.999,1.4765,1.7623,1.4529,1.7023,7751748.18,49921,1.263445,0.17497414688732896,0.22,15.15,Increase,2.052248293774658,1.352351706225342,False,False,neutral
2021-08-15 02:59:59.999,2021-08-14 00:00:00.000,2021-08-14 23:59:59.999,1.7004,1.7436,1.55,1.5877,5850364.79,33536,1.280215,0.18933339093000406,-0.11,-6.73,Decrease,1.9663667818600081,1.2090332181399917,False,False,neutral
2021-08-16 02:59:59.999,2021-08-15 00:00:00.000,2021-08-15 23:59:59.999,1.5914,1.6362,1.5048,1.6022,4004535.99,25084,1.304305,0.19836469198503243,0.01,0.91,Neutral,1.998929383970065,1.205470616029935,False,False,neutral
2021-08-17 02:59:59.999,2021-08-16 00:00:00.000,2021-08-16 23:59:59.999,1.6006,2.99,1.5795,2.7313,82643731.91,428466,1.380505,0.374053080211606,1.13,70.47,Increase,3.479406160423212,1.983193839576788,False,True,below
2021-08-18 02:59:59.999,2021-08-17 00:00:00.000,2021-08-17 23:59:59.999,2.7313,4.07,2.5025,2.8695,206637948.22,1266534,1.46766,0.4951881783726266,0.14,5.06,Increase,3.859876356745253,1.8791236432547467,True,False,above
2021-08-19 02:59:59.999,2021-08-18 00:00:00.000,2021-08-18 23:59:59.999,2.8684,3.56,2.6043,3.0595,84568060.78,536613,1.564395,0.6021131083416486,0.19,6.62,Increase,4.263726216683297,1.8552737833167028,False,False,neutral
2021-08-20 02:59:59.999,2021-08-19 00:00:00.000,2021-08-19 23:59:59.999,3.0616,3.6898,2.9724,3.2922,54365956.64,430888,1.6728100000000001,0.7050368313634022,0.23,7.61,Increase,4.702273662726804,1.8821263372731953,False,False,neutral
2021-08-21 02:59:59.999,2021-08-20 00:00:00.000,2021-08-20 23:59:59.999,3.2924,3.44,3.1246,3.1589,21786511.81,180277,1.772635,0.7675355724826795,-0.13,-4.05,Neutral,4.693971144965359,1.6238288550346411,False,False,neutral
2021-08-22 02:59:59.999,2021-08-21 00:00:00.000,2021-08-21 23:59:59.999,3.1586,3.1597,2.8578,2.8665,25016532.02,212716,1.859875,0.788526746117152,-0.29,-9.26,Decrease,4.443553492234304,1.2894465077656958,False,False,neutral
2021-08-23 02:59:59.999,2021-08-22 00:00:00.000,2021-08-22 23:59:59.999,2.8665,2.9867,2.7002,2.8246,12614865.63,109892,1.945055,0.7964843663017848,-0.04,-1.46,Neutral,4.41756873260357,1.2316312673964307,False,False,neutral
2021-08-24 02:59:59.999,2021-08-23 00:00:00.000,2021-08-23 23:59:59.999,2.8246,3.25,2.8121,3.0841,31991563.95,275877,2.045525,0.8075753455967974,0.26,9.19,Increase,4.699250691193595,1.468949308806405,False,False,neutral
2021-08-25 02:59:59.999,2021-08-24 00:00:00.000,2021-08-24 23:59:59.999,3.0849,3.09,2.6407,2.7141,17862490.86,168021,2.1241849999999998,0.7912774171021099,-0.37,-12.0,Decrease,4.29665483420422,1.1315451657957805,False,False,neutral
2021-08-26 02:59:59.999,2021-08-25 00:00:00.000,2021-08-25 23:59:59.999,2.7141,2.8829,2.5506,2.7469,13991688.29,114998,2.20288,0.7696698564969247,0.03,1.21,Neutral,4.286239712993849,1.2075602870061508,False,False,neutral
2021-08-27 02:59:59.999,2021-08-26 00:00:00.000,2021-08-26 23:59:59.999,2.7451,2.82,2.361,2.43,16618874.28,135786,2.25701,0.7439785791341862,-0.32,-11.54,Decrease,3.9179571582683725,0.9420428417316278,False,False,neutral
2021-08-28 02:59:59.999,2021-08-27 00:00:00.000,2021-08-27 23:59:59.999,2.431,2.636,2.239,2.545,18159457.97,126106,2.3169600000000004,0.7144264305242177,0.11,4.73,Neutral,3.973852861048435,1.1161471389515645,False,False,neutral
2021-08-29 02:59:59.999,2021-08-28 00:00:00.000,2021-08-28 23:59:59.999,2.543,3.146,2.453,2.933,36812769.85,267853,2.4003900000000002,0.681720300648136,0.39,15.25,Increase,4.296440601296272,1.5695593987037277,False,False,neutral
2021-08-30 02:59:59.999,2021-08-29 00:00:00.000,2021-08-29 23:59:59.999,2.934,3.1,2.69,2.829,29256125.1,224145,2.4741950000000004,0.6410368438996602,-0.1,-3.55,Neutral,4.111073687799321,1.5469263122006798,False,False,neutral
2021-08-31 02:59:59.999,2021-08-30 00:00:00.000,2021-08-30 23:59:59.999,2.83,2.83,2.48,2.513,18359816.5,131936,2.5264949999999997,0.595597653378958,-0.32,-11.17,Decrease,3.704195306757916,1.321804693242084,False,False,neutral
2021-09-01 02:59:59.999,2021-08-31 00:00:00.000,2021-08-31 23:59:59.999,2.513,2.746,2.387,2.46,15800227.9,114437,2.571405,0.5512398326786389,-0.05,-2.11,Neutral,3.5624796653572774,1.3575203346427223,False,False,neutral
2021-09-02 02:59:59.999,2021-09-01 00:00:00.000,2021-09-01 23:59:59.999,2.462,2.577,2.35,2.541,14707218.1,97358,2.62454,0.4879075121588591,0.08,3.29,Neutral,3.516815024317718,1.5651849756822818,False,False,neutral
2021-09-03 02:59:59.999,2021-09-02 00:00:00.000,2021-09-02 23:59:59.999,2.541,2.76,2.468,2.631,21335205.2,146784,2.670975,0.4370602751096715,0.09,3.54,Neutral,3.5051205502193428,1.7568794497806568,False,False,neutral
2021-09-04 02:59:59.999,2021-09-03 00:00:00.000,2021-09-03 23:59:59.999,2.632,3.086,2.553,2.848,35325728.1,249570,2.73399,0.35598989621971056,0.22,8.25,Increase,3.559979792439421,2.1360202075605788,False,False,neutral
2021-09-05 02:59:59.999,2021-09-04 00:00:00.000,2021-09-04 23:59:59.999,2.849,2.93,2.719,2.774,13570305.8,114493,2.79258,0.23618054556897108,-0.07,-2.6,Neutral,3.2463610911379424,2.3016389088620577,False,False,neutral
2021-09-06 02:59:59.999,2021-09-05 00:00:00.000,2021-09-05 23:59:59.999,2.778,2.922,2.734,2.868,10674426.9,96962,2.799415,0.2362917849987349,0.09,3.39,Neutral,3.3405835699974697,2.39541643000253,False,False,neutral
2021-09-07 02:59:59.999,2021-09-06 00:00:00.000,2021-09-06 23:59:59.999,2.868,3.019,2.515,2.682,19401311.1,159114,2.79004,0.23708303098058503,-0.19,-6.49,Decrease,3.15616606196117,2.2078339380388297,False,False,neutral
2021-09-08 02:59:59.999,2021-09-07 00:00:00.000,2021-09-07 23:59:59.999,2.685,2.825,1.805,2.087,34462410.69,246933,2.741415,0.27552129017936017,-0.59,-22.18,Decrease,2.6380425803587206,1.5359574196412797,True,False,above
2021-09-09 02:59:59.999,2021-09-08 00:00:00.000,2021-09-08 23:59:59.999,2.088,2.25,1.857,2.144,20039689.8,136397,2.684005,0.2743365249489154,0.06,2.73,Neutral,2.692673049897831,1.5953269501021694,False,False,neutral
2021-09-10 02:59:59.999,2021-09-09 00:00:00.000,2021-09-09 23:59:59.999,2.144,2.55,2.108,2.45,20837945.4,154286,2.6485600000000002,0.2548535356466012,0.31,14.27,Increase,2.9597070712932023,1.9402929287067978,False,False,neutral
2021-09-11 02:59:59.999,2021-09-10 00:00:00.000,2021-09-10 23:59:59.999,2.45,2.519,2.133,2.2,14584918.9,109247,2.615235,0.26808809289602215,-0.25,-10.2,Decrease,2.7361761857920444,1.663823814207956,False,False,neutral
2021-09-12 02:59:59.999,2021-09-11 00:00:00.000,2021-09-11 23:59:59.999,2.2,2.342,2.177,2.281,6208569.9,44443,2.5880549999999998,0.2732511443130949,0.08,3.68,Neutral,2.82750228862619,1.7344977113738103,False,False,neutral
2021-09-13 02:59:59.999,2021-09-12 00:00:00.000,2021-09-12 23:59:59.999,2.285,2.425,2.218,2.292,7427843.6,53113,2.54845,0.2543179081799935,0.01,0.48,Neutral,2.800635816359987,1.7833641836400127,False,False,neutral
2021-09-14 02:59:59.999,2021-09-13 00:00:00.000,2021-09-13 23:59:59.999,2.293,2.318,2.003,2.139,7786440.1,63566,2.519695,0.2668083038930965,-0.15,-6.68,Decrease,2.6726166077861926,1.6053833922138068,False,False,neutral
2021-09-15 02:59:59.999,2021-09-14 00:00:00.000,2021-09-14 23:59:59.999,2.139,2.257,2.126,2.197,5743335.7,43654,2.4922,0.2704710510825133,0.06,2.71,Neutral,2.7379421021650265,1.6560578978349736,False,False,neutral
2021-09-16 02:59:59.999,2021-09-15 00:00:00.000,2021-09-15 23:59:59.999,2.198,2.268,2.103,2.256,9105052.3,58774,2.4835000000000003,0.2753318571813707,0.06,2.69,Neutral,2.8066637143627413,1.7053362856372583,False,False,neutral
2021-09-17 02:59:59.999,2021-09-16 00:00:00.000,2021-09-16 23:59:59.999,2.256,3.025,2.234,2.962,42833377.8,291887,2.5043499999999996,0.29529918370143204,0.71,31.29,Increase,3.5525983674028643,2.371401632597136,False,True,below
2021-09-18 02:59:59.999,2021-09-17 00:00:00.000,2021-09-17 23:59:59.999,2.961,3.216,2.585,2.694,38615550.92,285135,2.4924,0.28155590264774205,-0.27,-9.05,Decrease,3.257111805295484,2.1308881947045157,False,False,neutral
2021-09-19 02:59:59.999,2021-09-18 00:00:00.000,2021-09-18 23:59:59.999,2.693,2.897,2.632,2.725,10783817.9,78949,2.4872,0.2759160055257007,0.03,1.15,Neutral,3.2768320110514013,2.173167988948599,False,False,neutral
2021-09-20 02:59:59.999,2021-09-19 00:00:00.000,2021-09-19 23:59:59.999,2.728,3.144,2.629,3.053,18433453.1,141615,2.5141999999999998,0.3036052839149013,0.33,12.04,Increase,3.6602105678298025,2.4457894321701974,False,False,neutral
2021-09-21 02:59:59.999,2021-09-20 00:00:00.000,2021-09-20 23:59:59.999,3.053,3.15,2.211,2.309,34034954.0,226135,2.5066499999999996,0.30688387568898107,-0.74,-24.37,Decrease,2.9227677513779624,1.695232248622038,True,False,above
2021-09-22 02:59:59.999,2021-09-21 00:00:00.000,2021-09-21 23:59:59.999,2.309,2.546,1.933,1.991,22079240.4,154152,2.4791499999999997,0.3275882002566085,-0.32,-13.77,Decrease,2.646176400513217,1.335823599486783,False,False,neutral
2021-09-23 02:59:59.999,2021-09-22 00:00:00.000,2021-09-22 23:59:59.999,1.99,2.38,1.955,2.299,16052921.7,110586,2.4625500000000002,0.327900093096399,0.31,15.47,Increase,2.9548001861927977,1.643199813807202,False,False,neutral
2021-09-24 02:59:59.999,2021-09-23 00:00:00.000,2021-09-23 23:59:59.999,2.298,2.408,2.175,2.3,10038777.2,71154,2.43515,0.3167006348355792,0.0,0.04,Neutral,2.933401269671158,1.6665987303288414,False,False,neutral
2021-09-25 02:59:59.999,2021-09-24 00:00:00.000,2021-09-24 23:59:59.999,2.297,2.305,1.93,2.121,11983317.0,92263,2.4025000000000003,0.31357337762936877,-0.18,-7.78,Decrease,2.7481467552587375,1.4938532447412625,False,False,neutral
2021-09-26 02:59:59.999,2021-09-25 00:00:00.000,2021-09-25 23:59:59.999,2.121,2.18,2.013,2.079,8215068.8,67929,2.36305,0.30131928772962907,-0.04,-1.98,Neutral,2.6816385754592584,1.476361424540742,False,False,neutral
2021-09-27 02:59:59.999,2021-09-26 00:00:00.000,2021-09-26 23:59:59.999,2.079,2.164,1.915,2.06,9264322.2,66612,2.33195,0.2987552201701986,-0.02,-0.91,Neutral,2.6575104403403973,1.4624895596596028,False,False,neutral
2021-09-28 02:59:59.999,2021-09-27 00:00:00.000,2021-09-27 23:59:59.999,2.061,2.196,2.001,2.006,6826962.1,52886,2.3279,0.30277260878681783,-0.05,-2.62,Neutral,2.6115452175736356,1.400454782426364,False,False,neutral
2021-09-29 02:59:59.999,2021-09-28 00:00:00.000,2021-09-28 23:59:59.999,2.007,2.115,1.91,1.922,6783820.2,49401,2.3168,0.3137401875169238,-0.08,-4.19,Neutral,2.5494803750338475,1.2945196249661524,False,False,neutral
2021-09-30 02:59:59.999,2021-09-29 00:00:00.000,2021-09-29 23:59:59.999,1.922,2.068,1.905,1.964,4660873.0,36630,2.2925,0.32160297524153486,0.04,2.19,Neutral,2.6072059504830696,1.3207940495169304,False,False,neutral
2021-10-01 02:59:59.999,2021-09-30 00:00:00.000,2021-09-30 23:59:59.999,1.963,2.159,1.949,2.098,6600829.5,47046,2.2874,0.32394726666379536,0.13,6.82,Increase,2.745894533327591,1.4501054666724091,False,False,neutral
2021-10-02 02:59:59.999,2021-10-01 00:00:00.000,2021-10-01 23:59:59.999,2.099,2.373,2.092,2.355,8351654.8,64462,2.2910999999999997,0.3242927365010897,0.26,12.25,Increase,3.0035854730021794,1.7064145269978206,False,False,neutral
2021-10-03 02:59:59.999,2021-10-02 00:00:00.000,2021-10-02 23:59:59.999,2.355,2.462,2.256,2.307,7535297.6,59274,2.29185,0.3243122723548968,-0.05,-2.04,Neutral,2.9556245447097935,1.6583754552902064,False,False,neutral
2021-10-04 02:59:59.999,2021-10-03 00:00:00.000,2021-10-03 23:59:59.999,2.304,2.57,2.233,2.376,7939091.0,69577,2.3037,0.32275949983980146,0.07,2.99,Neutral,3.0215189996796026,1.730481000320397,False,False,neutral
2021-10-05 02:59:59.999,2021-10-04 00:00:00.000,2021-10-04 23:59:59.999,2.376,2.379,2.215,2.244,7329212.6,60234,2.30605,0.3221121862431045,-0.13,-5.56,Decrease,2.888224372486209,1.5997756275137913,False,False,neutral
2021-10-06 02:59:59.999,2021-10-05 00:00:00.000,2021-10-05 23:59:59.999,2.245,2.324,2.154,2.213,6568413.8,52827,2.3038999999999996,0.32260696308600595,-0.03,-1.38,Neutral,2.858213926172012,1.567786073827988,False,False,neutral
2021-10-07 02:59:59.999,2021-10-06 00:00:00.000,2021-10-06 23:59:59.999,2.212,2.359,2.016,2.152,10417858.9,77430,2.2634,0.2841981147387321,-0.06,-2.76,Neutral,2.720396229477464,1.583603770522536,False,False,neutral
2021-10-08 02:59:59.999,2021-10-07 00:00:00.000,2021-10-07 23:59:59.999,2.152,2.225,2.073,2.111,7367871.2,63047,2.2342500000000003,0.26709132579660183,-0.04,-1.91,Neutral,2.645182651593204,1.5768173484067964,False,False,neutral
2021-10-09 02:59:59.999,2021-10-08 00:00:00.000,2021-10-08 23:59:59.999,2.11,2.173,2.068,2.105,7648322.1,54954,2.2032499999999997,0.24192949712456438,-0.01,-0.28,Neutral,2.588858994249129,1.6211410057508713,False,False,neutral
2021-10-10 02:59:59.999,2021-10-09 00:00:00.000,2021-10-09 23:59:59.999,2.104,2.17,2.076,2.124,5599195.8,42460,2.1568,0.1363280100191704,0.02,0.9,Neutral,2.396656020038341,1.8513439799616593,False,False,neutral
2021-10-11 02:59:59.999,2021-10-10 00:00:00.000,2021-10-10 23:59:59.999,2.124,2.125,1.963,1.973,5642768.2,41944,2.14,0.13728456807513584,-0.15,-7.11,Decrease,2.247569136150272,1.6984308638497283,False,False,neutral
2021-10-12 02:59:59.999,2021-10-11 00:00:00.000,2021-10-11 23:59:59.999,1.972,2.084,1.928,2.018,5319415.6,40155,2.14135,0.1358676891220502,0.04,2.28,Neutral,2.2897353782441003,1.7462646217558995,False,False,neutral
2021-10-13 02:59:59.999,2021-10-12 00:00:00.000,2021-10-12 23:59:59.999,2.018,2.018,1.83,1.961,6343672.4,40219,2.1244500000000004,0.1362468637977939,-0.06,-2.82,Neutral,2.233493727595588,1.6885062724044122,False,False,neutral
2021-10-14 02:59:59.999,2021-10-13 00:00:00.000,2021-10-13 23:59:59.999,1.961,2.04,1.889,2.004,6543398.1,46322,2.10965,0.1321901640580042,0.04,2.19,Neutral,2.2683803281160086,1.7396196718839916,False,False,neutral
2021-10-15 02:59:59.999,2021-10-14 00:00:00.000,2021-10-14 23:59:59.999,2.004,2.125,1.996,2.034,5546738.5,45335,2.1052999999999997,0.13322442481924604,0.03,1.5,Neutral,2.300448849638492,1.7675511503615078,False,False,neutral
2021-10-16 02:59:59.999,2021-10-15 00:00:00.000,2021-10-15 23:59:59.999,2.035,2.129,1.952,2.048,7882105.4,57610,2.1037500000000002,0.13372590781539131,0.01,0.69,Neutral,2.315451815630783,1.7805481843692175,False,False,neutral
2021-10-17 02:59:59.999,2021-10-16 00:00:00.000,2021-10-16 23:59:59.999,2.048,2.174,2.019,2.038,8896287.7,60670,2.10265,0.13419438963877822,-0.01,-0.49,Neutral,2.3063887792775564,1.7696112207224433,False,False,neutral
2021-10-18 02:59:59.999,2021-10-17 00:00:00.000,2021-10-17 23:59:59.999,2.039,2.085,1.907,1.931,6357969.9,36446,2.0989,0.1380304695576803,-0.11,-5.25,Decrease,2.207060939115361,1.6549390608846395,False,False,neutral
