,open_time,close_time,open,high,low,close,volume,num_trades,MA_10,STD_10,Price_Change,Price_Change%,Change,upper_bound,lower_bound,above_bound,below_bound
2020-12-10 01:59:59.999,2020-12-09 00:00:00.000,2020-12-09 23:59:59.999,554.92,578.08,530.43,573.09,997192.16738,535975,,,,,,,,False,False
2020-12-11 01:59:59.999,2020-12-10 00:00:00.000,2020-12-10 23:59:59.999,573.2,575.7,548.11,558.99,608414.51466,376548,,,-14.1,-2.46,Neutral,,,False,False
2020-12-12 01:59:59.999,2020-12-11 00:00:00.000,2020-12-11 23:59:59.999,558.99,560.8,535.5,544.43,768921.78317,400545,,,-14.56,-2.6,Neutral,,,False,False
2020-12-13 01:59:59.999,2020-12-12 00:00:00.000,2020-12-12 23:59:59.999,544.46,574.0,543.1,568.04,573913.95311,321104,,,23.61,4.34,Neutral,,,False,False
2020-12-14 01:59:59.999,2020-12-13 00:00:00.000,2020-12-13 23:59:59.999,568.09,595.0,563.22,590.7,657794.46158,359525,,,22.66,3.99,Neutral,,,False,False
2020-12-15 01:59:59.999,2020-12-14 00:00:00.000,2020-12-14 23:59:59.999,590.81,591.48,575.6,586.29,493012.02706,272746,,,-4.41,-0.75,Neutral,,,False,False
2020-12-16 01:59:59.999,2020-12-15 00:00:00.000,2020-12-15 23:59:59.999,586.29,597.2,578.58,588.64,569270.52011,329161,,,2.35,0.4,Neutral,,,False,False
2020-12-17 01:59:59.999,2020-12-16 00:00:00.000,2020-12-16 23:59:59.999,588.78,640.0,580.71,637.18,1185588.05078,589563,,,48.54,8.25,Increase,,,False,False
2020-12-18 01:59:59.999,2020-12-17 00:00:00.000,2020-12-17 23:59:59.999,637.18,676.25,625.76,642.7,2006130.01975,974504,,,5.52,0.87,Neutral,,,False,False
2020-12-19 01:59:59.999,2020-12-18 00:00:00.000,2020-12-18 23:59:59.999,642.71,664.61,629.4,653.85,1000012.98018,554335,594.391,37.579241447610144,11.15,1.73,Neutral,669.5494828952203,519.2325171047796,False,False
2020-12-20 01:59:59.999,2020-12-19 00:00:00.000,2020-12-19 23:59:59.999,653.76,669.95,645.42,658.03,858803.88459,562281,602.885,41.61263676924225,4.18,0.64,Neutral,686.1102735384845,519.6597264615154,False,False
2020-12-21 01:59:59.999,2020-12-20 00:00:00.000,2020-12-20 23:59:59.999,658.05,661.39,621.01,638.18,823958.22843,505181,610.804,39.82791349459994,-19.85,-3.02,Neutral,690.4598269891999,531.1481730108001,False,False
2020-12-22 01:59:59.999,2020-12-21 00:00:00.000,2020-12-21 23:59:59.999,638.1,648.0,595.9,607.58,843251.16565,521589,617.1189999999999,32.45930493197087,-30.6,-4.79,Neutral,682.0376098639416,552.2003901360582,False,False
2020-12-23 01:59:59.999,2020-12-22 00:00:00.000,2020-12-22 23:59:59.999,607.68,637.73,588.0,636.45,918851.25654,522945,623.9599999999999,27.84761070939881,28.87,4.75,Neutral,679.6552214187975,568.2647785812023,False,False
2020-12-24 01:59:59.999,2020-12-23 00:00:00.000,2020-12-23 23:59:59.999,636.41,638.44,551.28,585.56,1208807.36518,733896,623.446,28.56784369414911,-50.89,-8.0,Decrease,680.5816873882983,566.3103126117018,False,True
2020-12-25 01:59:59.999,2020-12-24 00:00:00.000,2020-12-24 23:59:59.999,585.48,615.02,565.43,612.31,886335.86333,571510,626.048,25.864676383911053,26.75,4.57,Neutral,677.7773527678221,574.3186472321779,False,True
2020-12-26 01:59:59.999,2020-12-25 00:00:00.000,2020-12-25 23:59:59.999,612.31,634.24,604.28,626.82,798009.62915,468979,629.866,22.30171802051735,14.51,2.37,Neutral,674.4694360410347,585.2625639589653,False,False
2020-12-27 01:59:59.999,2020-12-26 00:00:00.000,2020-12-26 23:59:59.999,626.78,652.91,615.26,637.44,958585.50647,541191,629.892,22.31134180934296,10.62,1.69,Neutral,674.5146836186859,585.2693163813142,False,False
2020-12-28 01:59:59.999,2020-12-27 00:00:00.000,2020-12-27 23:59:59.999,637.44,717.13,625.0,685.11,1859968.15029,1047001,634.133,28.255354674429057,47.67,7.48,Increase,690.6437093488581,577.622290651142,True,False
2020-12-29 01:59:59.999,2020-12-28 00:00:00.000,2020-12-28 23:59:59.999,685.1,748.09,681.04,730.41,1627154.39266,961277,641.789,41.472404332412594,45.3,6.61,Increase,724.7338086648251,558.8441913351749,True,False
2020-12-30 01:59:59.999,2020-12-29 00:00:00.000,2020-12-29 23:59:59.999,730.4,740.78,689.2,732.0,1106876.35855,820504,649.186,50.33966984397102,1.59,0.22,Neutral,749.8653396879421,548.506660312058,False,False
2020-12-31 01:59:59.999,2020-12-30 00:00:00.000,2020-12-30 23:59:59.999,732.0,758.74,716.62,752.17,1008574.09906,692405,660.585,59.62097081657692,20.17,2.76,Neutral,779.8269416331539,541.3430583668462,False,False
2021-01-01 01:59:59.999,2020-12-31 00:00:00.000,2020-12-31 23:59:59.999,752.17,755.74,722.0,736.42,863375.57981,623216,673.469,60.8033113955702,-15.75,-2.09,Neutral,795.0756227911404,551.8623772088597,False,False
2021-01-02 01:59:59.999,2021-01-01 00:00:00.000,2021-01-01 23:59:59.999,736.42,749.0,714.29,728.91,675114.09329,483671,682.715,61.573620839880334,-7.51,-1.02,Neutral,805.8622416797607,559.5677583202394,False,False
2021-01-03 01:59:59.999,2021-01-02 00:00:00.000,2021-01-02 23:59:59.999,728.91,787.69,714.91,774.56,1352618.57668,824134,701.615,57.29660359334877,45.65,6.26,Increase,816.2082071866976,587.0217928133025,False,False
2021-01-04 01:59:59.999,2021-01-03 00:00:00.000,2021-01-03 23:59:59.999,774.44,1011.07,768.71,978.28,2813603.88615,1636501,738.212,97.02281642308,203.72,26.3,Increase,932.25763284616,544.1663671538399,True,False
2021-01-05 01:59:59.999,2021-01-04 00:00:00.000,2021-01-04 23:59:59.999,978.33,1162.97,890.0,1041.43,4245010.94004,2477862,779.673,127.82960655584546,63.15,6.46,Increase,1035.3322131116909,524.0137868883091,True,False
2021-01-06 01:59:59.999,2021-01-05 00:00:00.000,2021-01-05 23:59:59.999,1041.45,1134.6,974.45,1099.56,2706995.67525,1960503,825.885,151.95235066369406,58.13,5.58,Increase,1129.7897013273882,521.9802986726119,True,False
2021-01-07 01:59:59.999,2021-01-06 00:00:00.000,2021-01-06 23:59:59.999,1100.16,1213.0,1057.26,1208.42,2390136.59334,1600888,878.216,184.6726057528717,108.86,9.9,Increase,1247.5612115057434,508.8707884942566,False,False
2021-01-08 01:59:59.999,2021-01-07 00:00:00.000,2021-01-07 23:59:59.999,1208.75,1289.0,1131.0,1224.87,1972922.82059,1402699,927.6619999999999,205.6990938131609,16.45,1.36,Neutral,1339.0601876263217,516.2638123736781,False,False
2021-01-09 01:59:59.999,2021-01-08 00:00:00.000,2021-01-08 23:59:59.999,1224.86,1273.75,1065.0,1216.93,2131172.92341,1718817,976.155,211.5250712353293,-7.94,-0.65,Neutral,1399.2051424706585,553.1048575293414,False,False
2021-01-10 01:59:59.999,2021-01-09 00:00:00.000,2021-01-09 23:59:59.999,1216.72,1304.37,1171.36,1276.0,1448871.11514,1131871,1028.538,214.73075098312725,59.07,4.85,Neutral,1457.9995019662545,599.0764980337456,False,False
2021-01-11 01:59:59.999,2021-01-10 00:00:00.000,2021-01-10 23:59:59.999,1276.0,1348.33,1170.0,1254.25,1951179.35003,1437486,1080.321,198.265212079959,-21.75,-1.7,Neutral,1476.851424159918,683.7905758400818,False,False
2021-01-12 01:59:59.999,2021-01-11 00:00:00.000,2021-01-11 23:59:59.999,1254.24,1260.0,915.0,1087.01,4068784.65678,2557613,1116.1309999999999,155.46108469467356,-167.24,-13.33,Decrease,1427.053169389347,805.2088306106527,False,False
2021-01-13 01:59:59.999,2021-01-12 00:00:00.000,2021-01-12 23:59:59.999,1087.0,1150.02,1006.33,1050.16,2302645.34052,1516625,1143.691,104.13625075405363,-36.85,-3.39,Neutral,1351.9635015081074,935.4184984918927,False,False
2021-01-14 01:59:59.999,2021-01-13 00:00:00.000,2021-01-13 23:59:59.999,1050.36,1137.65,987.48,1129.89,1564202.39081,1123983,1158.852,87.00596273308592,79.73,7.59,Increase,1332.8639254661718,984.8400745338282,False,False
2021-01-15 01:59:59.999,2021-01-14 00:00:00.000,2021-01-14 23:59:59.999,1129.79,1247.55,1086.7,1231.62,1555737.38556,1255769,1177.8709999999999,78.89540902711379,101.73,9.0,Increase,1335.6618180542275,1020.0801819457723,False,False
2021-01-16 01:59:59.999,2021-01-15 00:00:00.000,2021-01-15 23:59:59.999,1231.89,1256.98,1069.42,1168.53,1944038.83738,1519266,1184.768,74.16147963884119,-63.09,-5.12,Decrease,1333.0909592776825,1036.4450407223176,False,False
2021-01-17 01:59:59.999,2021-01-16 00:00:00.000,2021-01-16 23:59:59.999,1168.48,1298.0,1151.77,1227.83,1575384.43797,1252473,1186.709,75.0973956420744,59.3,5.07,Increase,1336.9037912841488,1036.5142087158513,False,False
2021-01-18 01:59:59.999,2021-01-17 00:00:00.000,2021-01-17 23:59:59.999,1227.83,1269.02,1165.0,1232.45,1317285.00579,1121278,1187.467,75.56218999385011,4.62,0.38,Neutral,1338.5913799877003,1036.3426200123,False,False
2021-01-19 01:59:59.999,2021-01-18 00:00:00.000,2021-01-18 23:59:59.999,1232.5,1260.75,1182.58,1258.45,998050.11073,940604,1191.6190000000001,78.44667537038588,26.0,2.11,Neutral,1348.5123507407718,1034.7256492592285,False,False
2021-01-20 01:59:59.999,2021-01-19 00:00:00.000,2021-01-19 23:59:59.999,1258.52,1438.3,1251.49,1365.36,2278852.55758,1840481,1200.5549999999998,92.88714110862374,106.91,8.5,Increase,1386.3292822172473,1014.7807177827524,True,False
2021-01-21 01:59:59.999,2021-01-20 00:00:00.000,2021-01-20 23:59:59.999,1365.36,1407.93,1235.42,1376.99,2219137.62144,1852253,1212.8290000000002,107.69908402065887,11.63,0.85,Neutral,1428.227168041318,997.4308319586825,False,False
2021-01-22 01:59:59.999,2021-01-21 00:00:00.000,2021-01-21 23:59:59.999,1376.72,1390.0,1086.0,1110.96,2254164.80365,1823458,1215.224,104.81801501226381,-266.03,-19.32,Decrease,1424.8600300245275,1005.5879699754723,False,False
2021-01-23 01:59:59.999,2021-01-22 00:00:00.000,2021-01-22 23:59:59.999,1111.98,1273.79,1042.31,1232.62,2020593.21673,1652010,1233.47,87.31086097642442,121.66,10.95,Increase,1408.091721952849,1058.848278047151,False,True
2021-01-24 01:59:59.999,2021-01-23 00:00:00.000,2021-01-23 23:59:59.999,1232.61,1272.44,1195.9,1233.6,1009545.08258,932871,1243.841,79.44551038989675,0.98,0.08,Neutral,1402.7320207797934,1084.9499792202064,False,False
2021-01-25 01:59:59.999,2021-01-24 00:00:00.000,2021-01-24 23:59:59.999,1233.46,1398.83,1220.0,1392.51,1510879.53817,1313986,1259.9299999999998,91.99568927099003,158.91,12.88,Increase,1443.92137854198,1075.9386214580197,False,False
2021-01-26 01:59:59.999,2021-01-25 00:00:00.000,2021-01-25 23:59:59.999,1392.19,1475.0,1293.69,1317.88,1885441.31289,1661512,1274.865,87.52305210628867,-74.63,-5.36,Decrease,1449.9111042125774,1099.8188957874227,True,False
2021-01-27 01:59:59.999,2021-01-26 00:00:00.000,2021-01-26 23:59:59.999,1317.6,1378.49,1244.56,1365.97,1682923.65799,1423178,1288.6789999999999,90.1370103355018,48.09,3.65,Neutral,1468.9530206710035,1108.4049793289962,False,False
2021-01-28 01:59:59.999,2021-01-27 00:00:00.000,2021-01-27 23:59:59.999,1366.54,1373.9,1207.0,1239.03,2009772.08358,1737296,1289.337,89.70390726656797,-126.94,-9.29,Decrease,1468.744814533136,1109.929185466864,False,False
2021-01-29 01:59:59.999,2021-01-28 00:00:00.000,2021-01-28 23:59:59.999,1238.93,1360.0,1217.23,1329.69,1365269.71962,1275024,1296.461,89.80717794252386,90.66,7.32,Increase,1476.0753558850477,1116.8466441149524,False,False
2021-01-30 01:59:59.999,2021-01-29 00:00:00.000,2021-01-29 23:59:59.999,1329.44,1436.9,1285.35,1379.5,2253963.18682,1714076,1297.875,91.11431906615468,49.81,3.75,Neutral,1480.1036381323092,1115.6463618676908,False,False
2021-01-31 01:59:59.999,2021-01-30 00:00:00.000,2021-01-30 23:59:59.999,1379.56,1406.0,1326.41,1378.05,1040042.2363,1013174,1297.981,91.21714464214945,-1.45,-0.11,Neutral,1480.415289284299,1115.546710715701,False,False
2021-02-01 01:59:59.999,2021-01-31 00:00:00.000,2021-01-31 23:59:59.999,1378.04,1380.74,1281.12,1312.55,958704.85571,828176,1318.1399999999999,63.2953006856675,-65.5,-4.75,Neutral,1444.7306013713348,1191.549398628665,False,False
2021-02-02 01:59:59.999,2021-02-01 00:00:00.000,2021-02-01 23:59:59.999,1312.45,1377.99,1269.99,1374.17,1096397.91862,915584,1332.2949999999998,57.61819354837469,61.62,4.69,Neutral,1447.5313870967493,1217.0586129032504,False,False
2021-02-03 01:59:59.999,2021-02-02 00:00:00.000,2021-02-02 23:59:59.999,1374.09,1547.9,1360.28,1511.87,1944227.99878,1614541,1360.122,70.42865922336034,137.7,10.02,Increase,1500.9793184467208,1219.2646815532794,True,False
2021-02-04 01:59:59.999,2021-02-03 00:00:00.000,2021-02-03 23:59:59.999,1511.93,1669.35,1508.39,1664.49,1535869.88801,1384979,1387.3200000000002,119.64547128913932,152.62,10.09,Increase,1626.6109425782788,1148.0290574217215,True,False
2021-02-05 01:59:59.999,2021-02-04 00:00:00.000,2021-02-04 23:59:59.999,1664.67,1695.2,1554.44,1595.67,1646502.32962,1507993,1415.099,133.21095621023355,-68.82,-4.13,Neutral,1681.520912420467,1148.6770875795328,True,False
2021-02-06 01:59:59.999,2021-02-05 00:00:00.000,2021-02-05 23:59:59.999,1595.53,1760.49,1591.0,1719.19,1194123.29946,1326415,1450.421,162.37394101613563,123.52,7.74,Increase,1775.1688820322713,1125.6731179677288,False,False
2021-02-07 01:59:59.999,2021-02-06 00:00:00.000,2021-02-06 23:59:59.999,1718.95,1743.67,1642.94,1676.35,1149808.33101,1152167,1494.1529999999998,157.94533175543302,-42.84,-2.49,Neutral,1810.0436635108658,1178.2623364891338,False,False
2021-02-08 01:59:59.999,2021-02-07 00:00:00.000,2021-02-07 23:59:59.999,1676.35,1693.0,1490.46,1611.62,1281734.86814,1263737,1522.346,150.30432670640982,-64.73,-3.86,Neutral,1822.9546534128197,1221.7373465871804,False,False
2021-02-09 01:59:59.999,2021-02-08 00:00:00.000,2021-02-08 23:59:59.999,1611.46,1775.57,1563.89,1750.15,1339777.09536,1372788,1559.4109999999998,156.728376530865,138.53,8.6,Increase,1872.86775306173,1245.9542469382698,False,False
2021-02-10 01:59:59.999,2021-02-09 00:00:00.000,2021-02-09 23:59:59.999,1749.68,1821.88,1708.49,1769.13,1185071.89593,1173421,1598.519,155.23099135374787,18.98,1.08,Neutral,1908.9809827074957,1288.0570172925043,False,False
2021-02-11 01:59:59.999,2021-02-10 00:00:00.000,2021-02-10 23:59:59.999,1769.14,1837.86,1680.0,1740.78,1219932.25474,1279140,1641.342,123.37466692964466,-28.35,-1.6,Neutral,1888.0913338592895,1394.5926661407107,False,False
2021-02-12 01:59:59.999,2021-02-11 00:00:00.000,2021-02-11 23:59:59.999,1740.76,1819.0,1703.44,1785.62,735079.82699,935602,1682.4869999999999,87.87486646742343,44.84,2.58,Neutral,1858.2367329348467,1506.737267065153,False,False
2021-02-13 01:59:59.999,2021-02-12 00:00:00.000,2021-02-12 23:59:59.999,1785.83,1864.88,1739.88,1840.26,909600.20653,996495,1715.3259999999998,77.8146580307678,54.64,3.06,Neutral,1870.9553160615353,1559.6966839384643,False,False
2021-02-14 01:59:59.999,2021-02-13 00:00:00.000,2021-02-13 23:59:59.999,1840.24,1871.72,1765.0,1814.96,767589.07285,853189,1730.373,81.35969655384818,-25.3,-1.37,Neutral,1893.0923931076964,1567.6536068923037,False,False
2021-02-15 01:59:59.999,2021-02-14 00:00:00.000,2021-02-14 23:59:59.999,1815.25,1850.0,1784.11,1800.42,675261.77873,714827,1750.848,68.43003706950844,-14.54,-0.8,Neutral,1887.7080741390168,1613.987925860983,False,False
2021-02-16 01:59:59.999,2021-02-15 00:00:00.000,2021-02-15 23:59:59.999,1800.03,1835.72,1655.67,1779.25,1053474.57879,1086589,1756.854,67.97691931825817,-21.17,-1.18,Neutral,1892.8078386365164,1620.9001613634837,False,False
2021-02-17 01:59:59.999,2021-02-16 00:00:00.000,2021-02-16 23:59:59.999,1779.33,1827.28,1724.0,1781.99,817493.47513,826125,1767.4180000000001,62.023917931363876,2.74,0.15,Neutral,1891.4658358627278,1643.3701641372725,False,False
2021-02-18 01:59:59.999,2021-02-17 00:00:00.000,2021-02-17 23:59:59.999,1781.99,1855.0,1733.01,1849.88,795711.63311,862461,1791.244,35.70384268147187,67.89,3.81,Neutral,1862.6516853629437,1719.8363146370561,False,False
2021-02-19 01:59:59.999,2021-02-18 00:00:00.000,2021-02-18 23:59:59.999,1849.7,1950.5,1849.69,1939.61,937227.10191,1053661,1810.19,55.983254837704315,89.73,4.85,Neutral,1922.1565096754086,1698.2234903245915,True,False
2021-02-20 01:59:59.999,2021-02-19 00:00:00.000,2021-02-19 23:59:59.999,1938.91,1972.82,1891.0,1955.0,793404.4115,988320,1828.777,69.94948193757057,15.39,0.79,Neutral,1968.6759638751412,1688.878036124859,True,False
2021-02-21 01:59:59.999,2021-02-20 00:00:00.000,2021-02-20 23:59:59.999,1955.46,2042.34,1803.14,1913.0,1261315.81279,1329067,1845.9990000000003,67.01611671001325,-42.0,-2.15,Neutral,1980.0312334200266,1711.9667665799739,True,False
2021-02-22 01:59:59.999,2021-02-21 00:00:00.000,2021-02-21 23:59:59.999,1912.9,1976.31,1883.01,1933.53,756568.19743,895138,1860.7900000000002,68.51500614221631,20.53,1.07,Neutral,1997.8200122844328,1723.7599877155676,False,False
2021-02-23 01:59:59.999,2021-02-22 00:00:00.000,2021-02-22 23:59:59.999,1933.54,1936.29,1551.0,1777.58,1807244.98099,1799926,1854.5220000000002,73.30173528339427,-155.95,-8.07,Decrease,2001.1254705667886,1707.9185294332117,False,True
2021-02-24 01:59:59.999,2021-02-23 00:00:00.000,2021-02-23 23:59:59.999,1777.42,1782.39,1355.0,1577.89,2547837.82068,2396626,1830.815,114.35723396931336,-199.69,-11.23,Decrease,2059.5294679386266,1602.1005320613733,False,True
2021-02-25 01:59:59.999,2021-02-24 00:00:00.000,2021-02-24 23:59:59.999,1577.79,1712.7,1500.2,1623.39,1384388.81727,1319936,1813.1119999999999,131.93664521698366,45.5,2.88,Neutral,2076.9852904339673,1549.2387095660324,False,True
2021-02-26 01:59:59.999,2021-02-25 00:00:00.000,2021-02-25 23:59:59.999,1623.16,1671.59,1459.16,1481.75,1032670.79409,1110019,1783.3619999999999,168.8092349237937,-141.64,-8.72,Decrease,2120.9804698475873,1445.7435301524124,False,False
2021-02-27 01:59:59.999,2021-02-26 00:00:00.000,2021-02-26 23:59:59.999,1482.08,1562.25,1400.0,1444.59,1355973.29378,1298739,1749.622,199.9582539098288,-37.16,-2.51,Neutral,2149.5385078196578,1349.7054921803424,False,False
2021-02-28 01:59:59.999,2021-02-27 00:00:00.000,2021-02-27 23:59:59.999,1444.56,1529.0,1425.0,1458.13,927423.0475,954919,1710.4470000000001,215.8751807591103,13.54,0.94,Neutral,2142.1973615182205,1278.6966384817795,False,False
2021-03-01 01:59:59.999,2021-02-28 00:00:00.000,2021-02-28 23:59:59.999,1458.27,1468.75,1293.18,1419.18,1410207.56284,1190546,1658.404,217.21849963164465,-38.95,-2.67,Neutral,2092.840999263289,1223.9670007367108,False,False
2021-03-02 01:59:59.999,2021-03-01 00:00:00.000,2021-03-01 23:59:59.999,1418.67,1572.0,1409.91,1569.86,1094695.17839,989006,1619.89,191.39617434932183,150.68,10.62,Increase,2002.6823486986436,1237.0976513013566,False,False
2021-03-03 01:59:59.999,2021-03-02 00:00:00.000,2021-03-02 23:59:59.999,1570.0,1602.9,1455.52,1486.78,1061142.38743,966176,1577.268,164.42861036531005,-83.08,-5.29,Decrease,1906.1252207306202,1248.4107792693799,False,False
2021-03-04 01:59:59.999,2021-03-03 00:00:00.000,2021-03-03 23:59:59.999,1486.79,1656.94,1475.47,1567.69,1054846.31471,1237215,1540.684,107.03900952456604,80.91,5.44,Increase,1754.762019049132,1326.605980950868,False,False
2021-03-05 01:59:59.999,2021-03-04 00:00:00.000,2021-03-04 23:59:59.999,1567.68,1624.87,1506.36,1539.23,946365.67088,1125118,1516.849,67.75566650349904,-28.46,-1.82,Neutral,1652.360333006998,1381.337666993002,False,False
2021-03-06 01:59:59.999,2021-03-05 00:00:00.000,2021-03-05 23:59:59.999,1539.22,1548.96,1441.66,1528.31,910786.28976,1000913,1511.891,64.52992956760473,-10.92,-0.71,Neutral,1640.9508591352096,1382.8311408647905,False,False
2021-03-07 01:59:59.999,2021-03-06 00:00:00.000,2021-03-06 23:59:59.999,1528.08,1671.58,1513.03,1650.35,1013300.93928,1188531,1514.587,70.03426923855069,122.04,7.99,Increase,1654.6555384771013,1374.5184615228986,True,False
2021-03-08 01:59:59.999,2021-03-07 00:00:00.000,2021-03-07 23:59:59.999,1650.68,1734.16,1630.35,1726.16,848470.78136,1166072,1539.0279999999998,95.36737781396343,75.81,4.59,Neutral,1729.7627556279267,1348.2932443720729,True,False
2021-03-09 01:59:59.999,2021-03-08 00:00:00.000,2021-03-08 23:59:59.999,1726.46,1843.59,1664.96,1833.18,1149711.39987,1407402,1577.887,126.64959323968661,107.02,6.2,Increase,1831.1861864793732,1324.5878135206267,True,False
2021-03-10 01:59:59.999,2021-03-09 00:00:00.000,2021-03-09 23:59:59.999,1833.22,1870.77,1798.2,1870.51,857229.47855,1196670,1619.125,148.56417612526326,37.33,2.04,Neutral,1916.2533522505264,1321.9966477494736,False,False
2021-03-11 01:59:59.999,2021-03-10 00:00:00.000,2021-03-10 23:59:59.999,1870.5,1877.69,1757.0,1795.12,937230.62831,1098051,1656.7189999999998,139.64438107405599,-75.39,-4.03,Neutral,1936.0077621481119,1377.4302378518878,False,False
2021-03-12 01:59:59.999,2021-03-11 00:00:00.000,2021-03-11 23:59:59.999,1795.28,1846.7,1725.0,1825.78,909011.4961,1023958,1682.3110000000001,145.29380566822613,30.66,1.71,Neutral,1972.8986113364524,1391.723388663548,False,False
2021-03-13 01:59:59.999,2021-03-12 00:00:00.000,2021-03-12 23:59:59.999,1825.78,1841.88,1719.72,1766.1,869564.6361,1126153,1710.243,129.519997602261,-59.68,-3.27,Neutral,1969.282995204522,1451.203004795478,False,False
2021-03-14 01:59:59.999,2021-03-13 00:00:00.000,2021-03-13 23:59:59.999,1766.13,1944.3,1727.75,1922.35,926283.22642,1265904,1745.709,134.60581054405918,156.25,8.85,Increase,2014.9206210881184,1476.4973789118817,False,False
2021-03-15 01:59:59.999,2021-03-14 00:00:00.000,2021-03-14 23:59:59.999,1922.35,1933.1,1836.0,1848.1,637963.63627,963564,1776.596,116.13152976020542,-74.25,-3.86,Neutral,2008.859059520411,1544.332940479589,False,False
2021-03-16 01:59:59.999,2021-03-15 00:00:00.000,2021-03-15 23:59:59.999,1848.1,1891.76,1730.0,1793.48,1025326.79658,1496415,1803.1129999999998,76.72925605299173,-54.62,-2.96,Neutral,1956.5715121059834,1649.6544878940163,False,False
2021-03-17 01:59:59.999,2021-03-16 00:00:00.000,2021-03-16 23:59:59.999,1793.99,1819.5,1711.68,1805.12,764993.40147,987906,1818.5900000000001,55.03385543868081,11.64,0.65,Neutral,1928.6577108773618,1708.5222891226385,False,False
2021-03-18 01:59:59.999,2021-03-17 00:00:00.000,2021-03-17 23:59:59.999,1805.01,1838.88,1741.18,1823.58,658349.44843,872416,1828.3319999999999,44.46104007381802,18.46,1.02,Neutral,1917.254080147636,1739.4099198523638,False,False
2021-03-19 01:59:59.999,2021-03-18 00:00:00.000,2021-03-18 23:59:59.999,1823.58,1850.0,1759.04,1776.08,603721.61056,783517,1822.622,47.34246878979064,-47.5,-2.6,Neutral,1917.3069375795812,1727.937062420419,False,False
2021-03-20 01:59:59.999,2021-03-19 00:00:00.000,2021-03-19 23:59:59.999,1775.92,1840.61,1733.47,1809.1,500258.42875,703977,1816.4809999999998,44.32737966290073,33.02,1.86,Neutral,1905.1357593258012,1727.8262406741983,False,False
2021-03-21 01:59:59.999,2021-03-20 00:00:00.000,2021-03-20 23:59:59.999,1809.01,1868.83,1800.86,1806.1,451556.10639,743672,1817.5789999999997,43.873132869433306,-3.0,-0.17,Neutral,1905.3252657388664,1729.832734261133,False,False
2021-03-22 01:59:59.999,2021-03-21 00:00:00.000,2021-03-21 23:59:59.999,1806.57,1817.16,1747.0,1782.98,465953.98749,748800,1813.2989999999998,45.05591154950381,-23.12,-1.28,Neutral,1903.4108230990073,1723.1871769009922,False,False
2021-03-23 01:59:59.999,2021-03-22 00:00:00.000,2021-03-22 23:59:59.999,1783.23,1807.51,1655.15,1680.97,582727.49081,879976,1804.786,60.395753566703746,-102.01,-5.72,Decrease,1925.5775071334076,1683.9944928665925,False,True
2021-03-24 01:59:59.999,2021-03-23 00:00:00.000,2021-03-23 23:59:59.999,1681.17,1721.17,1650.0,1668.08,577213.99589,654415,1779.359,58.907400487742144,-12.89,-0.77,Neutral,1897.1738009754843,1661.5441990245156,False,True
2021-03-25 01:59:59.999,2021-03-24 00:00:00.000,2021-03-24 23:59:59.999,1668.2,1740.86,1536.92,1581.84,753834.52393,994542,1752.7330000000002,80.57413977891433,-86.24,-5.17,Decrease,1913.8812795578287,1591.5847204421716,False,True
2021-03-26 01:59:59.999,2021-03-25 00:00:00.000,2021-03-25 23:59:59.999,1581.88,1622.0,1549.4,1585.74,701697.00258,778215,1731.959,94.48132166377732,3.9,0.25,Neutral,1920.9216433275546,1542.9963566724455,False,False
2021-03-27 01:59:59.999,2021-03-26 00:00:00.000,2021-03-26 23:59:59.999,1585.83,1699.93,1585.79,1698.84,515470.92907,650812,1721.3310000000001,91.25986929277356,113.1,7.13,Increase,1903.8507385855473,1538.811261414453,False,False
2021-03-28 01:59:59.999,2021-03-27 00:00:00.000,2021-03-27 23:59:59.999,1698.84,1732.67,1666.41,1712.63,443845.49957,516929,1710.236,83.89486333104112,13.79,0.81,Neutral,1878.0257266620824,1542.4462733379178,False,False
2021-03-29 02:59:59.999,2021-03-28 00:00:00.000,2021-03-28 23:59:59.999,1712.52,1725.66,1661.4,1687.01,348895.51314,512231,1701.3290000000002,80.79865310346476,-25.62,-1.5,Neutral,1862.9263062069297,1539.7316937930707,False,False
2021-03-30 02:59:59.999,2021-03-29 00:00:00.000,2021-03-29 23:59:59.999,1687.16,1841.0,1677.85,1816.74,647724.46387,846836,1702.093,81.95871224112133,129.73,7.69,Increase,1866.0104244822428,1538.1755755177574,False,False
2021-03-31 02:59:59.999,2021-03-30 00:00:00.000,2021-03-30 23:59:59.999,1816.76,1859.13,1786.3,1840.46,568842.00526,856093,1705.529,87.34668109830857,23.72,1.31,Neutral,1880.222362196617,1530.835637803383,False,False
2021-04-01 02:59:59.999,2021-03-31 00:00:00.000,2021-03-31 23:59:59.999,1840.41,1947.29,1768.15,1919.37,746995.8591,1040362,1719.1680000000001,108.79852784952098,78.91,4.29,Neutral,1936.765055699042,1501.5709443009582,True,False
2021-04-02 02:59:59.999,2021-04-01 00:00:00.000,2021-04-01 23:59:59.999,1919.37,1984.77,1885.02,1968.05,741585.07266,994836,1747.8760000000002,132.82224840406815,48.68,2.54,Neutral,2013.5204968081366,1482.2315031918638,False,False
2021-04-03 02:59:59.999,2021-04-02 00:00:00.000,2021-04-02 23:59:59.999,1968.05,2146.0,1948.48,2133.69,846197.93215,1218698,1794.4370000000004,176.25156289614677,165.64,8.42,Increase,2146.9401257922937,1441.9338742077068,False,False
2021-04-04 02:59:59.999,2021-04-03 00:00:00.000,2021-04-03 23:59:59.999,2133.69,2138.12,1996.3,2008.52,770176.32192,1107620,1837.105,170.6230364315215,-125.17,-5.87,Decrease,2178.351072863043,1495.858927136957,False,False
2021-04-05 02:59:59.999,2021-04-04 00:00:00.000,2021-04-04 23:59:59.999,2008.59,2091.83,1975.24,2075.69,514345.76554,818926,1886.1,160.46575397885186,67.17,3.34,Neutral,2207.0315079577035,1565.1684920422963,False,False
2021-04-06 02:59:59.999,2021-04-05 00:00:00.000,2021-04-05 23:59:59.999,2075.7,2130.64,2002.15,2107.38,684923.61494,947978,1926.9540000000002,159.49620735303267,31.69,1.53,Neutral,2245.9464147060653,1607.9615852939348,False,False
2021-04-07 02:59:59.999,2021-04-06 00:00:00.000,2021-04-06 23:59:59.999,2107.43,2151.0,2044.65,2112.21,673386.05575,1106761,1966.9120000000003,149.5808782936939,4.83,0.23,Neutral,2266.073756587388,1667.7502434126125,False,False
2021-04-08 02:59:59.999,2021-04-07 00:00:00.000,2021-04-07 23:59:59.999,2112.22,2129.01,1930.01,1963.47,892984.90422,1229155,1994.5579999999998,113.23213960710036,-148.74,-7.04,Decrease,2221.0222792142004,1768.093720785799,False,False
2021-04-09 02:59:59.999,2021-04-08 00:00:00.000,2021-04-08 23:59:59.999,1963.46,2084.61,1947.35,2080.46,501355.998,911403,2020.9300000000003,96.72340036299256,116.99,5.96,Increase,2214.3768007259855,1827.483199274015,False,False
2021-04-10 02:59:59.999,2021-04-09 00:00:00.000,2021-04-09 23:59:59.999,2080.39,2100.0,2047.57,2066.87,426387.4379,645172,2043.571,73.4950183421514,-13.59,-0.65,Neutral,2190.5610366843025,1896.580963315697,False,False
2021-04-11 02:59:59.999,2021-04-10 00:00:00.000,2021-04-10 23:59:59.999,2067.19,2200.0,2058.0,2133.49,655458.20894,1175161,2064.983,63.84743987734372,66.62,3.22,Neutral,2192.6778797546876,1937.2881202453127,True,False
2021-04-12 02:59:59.999,2021-04-11 00:00:00.000,2021-04-11 23:59:59.999,2133.49,2165.02,2113.4,2151.36,392265.50773,830771,2083.314,59.060406214522686,17.87,0.84,Neutral,2201.4348124290455,1965.1931875709545,False,False
2021-04-13 02:59:59.999,2021-04-12 00:00:00.000,2021-04-12 23:59:59.999,2151.42,2203.46,2102.0,2137.69,579093.35694,914567,2083.714,59.45174723160874,-13.67,-0.64,Neutral,2202.6174944632176,1964.8105055367826,True,False
2021-04-14 02:59:59.999,2021-04-13 00:00:00.000,2021-04-13 23:59:59.999,2137.86,2318.0,2135.53,2299.19,782608.6209,1288668,2112.781,84.41791298192912,161.5,7.55,Increase,2281.616825963858,1943.9451740361417,True,False
2021-04-15 02:59:59.999,2021-04-14 00:00:00.000,2021-04-14 23:59:59.999,2299.19,2447.29,2281.33,2432.6,972931.60866,1554097,2148.472,130.0886159337474,133.41,5.8,Increase,2408.649231867495,1888.2947681325054,True,False
2021-04-16 02:59:59.999,2021-04-15 00:00:00.000,2021-04-15 23:59:59.999,2432.59,2543.47,2400.0,2514.04,681950.96645,1462768,2189.138,172.4727374785245,81.44,3.35,Neutral,2534.083474957049,1844.1925250429508,True,False
2021-04-17 02:59:59.999,2021-04-16 00:00:00.000,2021-04-16 23:59:59.999,2514.04,2548.29,2300.0,2422.67,999163.75205,1679215,2220.184,184.6023784727072,-91.37,-3.63,Neutral,2589.3887569454146,1850.9792430545858,False,False
2021-04-18 02:59:59.999,2021-04-17 00:00:00.000,2021-04-17 23:59:59.999,2422.38,2495.0,2310.0,2317.6,624232.25568,1242299,2255.597,162.5318214347329,-105.07,-4.34,Neutral,2580.660642869466,1930.5333571305343,False,False
2021-04-19 02:59:59.999,2021-04-18 00:00:00.000,2021-04-18 23:59:59.999,2317.65,2340.0,1946.8,2235.64,1475383.69204,2113566,2271.115,150.9475871692731,-81.96,-3.54,Neutral,2573.0101743385458,1969.2198256614536,False,True
2021-04-20 02:59:59.999,2021-04-19 00:00:00.000,2021-04-19 23:59:59.999,2235.65,2300.0,2080.0,2161.12,820592.26555,1411498,2280.54,139.26838214996894,-74.52,-3.33,Neutral,2559.076764299938,2002.003235700062,False,False
2021-04-21 02:59:59.999,2021-04-20 00:00:00.000,2021-04-20 23:59:59.999,2161.12,2346.62,2055.0,2330.03,992240.809,1478664,2300.1940000000004,129.75357020993852,168.91,7.82,Increase,2559.7011404198774,2040.6868595801234,False,False
2021-04-22 02:59:59.999,2021-04-21 00:00:00.000,2021-04-21 23:59:59.999,2330.26,2469.54,2235.16,2357.06,1177885.8617,1905822,2320.764,119.43144674295144,27.03,1.16,Neutral,2559.626893485903,2081.901106514097,False,False
2021-04-23 02:59:59.999,2021-04-22 00:00:00.000,2021-04-22 23:59:59.999,2357.06,2644.47,2303.44,2397.94,2220753.09746,3110597,2346.7889999999998,102.22082495483946,40.88,1.73,Neutral,2551.2306499096785,2142.347350090321,True,False
2021-04-24 02:59:59.999,2021-04-23 00:00:00.000,2021-04-23 23:59:59.999,2397.94,2442.89,2107.0,2367.39,2532242.44185,2790382,2353.609,100.9595550978662,-30.55,-1.27,Neutral,2555.5281101957326,2151.6898898042673,False,True
2021-04-25 02:59:59.999,2021-04-24 00:00:00.000,2021-04-24 23:59:59.999,2367.39,2368.74,2154.8,2213.35,997688.94623,1275474,2331.6839999999997,105.59957840826539,-154.04,-6.51,Decrease,2542.8831568165306,2120.484843183469,False,False
2021-04-26 02:59:59.999,2021-04-25 00:00:00.000,2021-04-25 23:59:59.999,2214.08,2356.64,2168.0,2320.49,857517.38218,1307545,2312.329,83.98867204704146,107.14,4.84,Neutral,2480.306344094083,2144.351655905917,False,False
2021-04-27 02:59:59.999,2021-04-26 00:00:00.000,2021-04-26 23:59:59.999,2320.44,2542.8,2303.64,2532.6,1076469.01367,1852607,2323.3219999999997,104.68077928213204,212.11,9.14,Increase,2532.683558564264,2113.9604414357354,True,False
2021-04-28 02:59:59.999,2021-04-27 00:00:00.000,2021-04-27 23:59:59.999,2532.06,2680.0,2480.29,2666.13,771728.46451,1255607,2358.175,150.53971696312206,133.53,5.27,Increase,2659.2544339262445,2057.095566073756,True,False
2021-04-29 02:59:59.999,2021-04-28 00:00:00.000,2021-04-28 23:59:59.999,2666.13,2760.0,2559.44,2748.24,999383.1852,1587100,2409.435,187.029367702875,82.11,3.08,Neutral,2783.49373540575,2035.37626459425,False,False
2021-04-30 02:59:59.999,2021-04-29 00:00:00.000,2021-04-29 23:59:59.999,2748.23,2798.0,2668.0,2757.04,863890.01069,1379738,2469.0269999999996,193.92916565077124,8.8,0.32,Neutral,2856.885331301542,2081.168668698457,False,False
2021-05-01 02:59:59.999,2021-04-30 00:00:00.000,2021-04-30 23:59:59.999,2757.04,2798.3,2723.09,2772.42,695339.20482,1382521,2513.266,208.60194599072102,15.38,0.56,Neutral,2930.4698919814423,2096.062108018558,False,False
2021-05-02 02:59:59.999,2021-05-01 00:00:00.000,2021-05-01 23:59:59.999,2772.42,2954.28,2743.41,2944.77,690260.07741,1437394,2572.037,240.11294333432272,172.35,6.22,Increase,3052.2628866686455,2091.811113331354,False,False
2021-05-03 02:59:59.999,2021-05-02 00:00:00.000,2021-05-02 23:59:59.999,2944.83,2985.0,2852.26,2949.56,571982.5445,1132280,2627.1989999999996,258.34374552996223,4.79,0.16,Neutral,3143.886491059924,2110.511508940075,False,False
2021-05-04 02:59:59.999,2021-05-03 00:00:00.000,2021-05-03 23:59:59.999,2949.33,3454.0,2949.32,3431.04,1329088.0628,2502746,2733.564,344.18953471081994,481.48,16.32,Increase,3421.94306942164,2045.1849305783599,True,False
2021-05-05 02:59:59.999,2021-05-04 00:00:00.000,2021-05-04 23:59:59.999,3431.04,3527.0,3160.0,3239.01,1826039.38558,3634236,2836.13,324.1832698061844,-192.03,-5.6,Decrease,3484.496539612369,2187.7634603876313,True,False
2021-05-06 02:59:59.999,2021-05-05 00:00:00.000,2021-05-05 23:59:59.999,3239.01,3549.34,3200.23,3524.26,1174816.73588,2224441,2956.507,334.76114167999987,285.25,8.81,Increase,3626.0292833599997,2286.9847166400004,False,False
2021-05-07 02:59:59.999,2021-05-06 00:00:00.000,2021-05-06 23:59:59.999,3524.33,3605.4,3376.47,3489.73,920592.57706,1703109,3052.2200000000003,336.91493110280646,-34.53,-0.98,Neutral,3726.049862205613,2378.3901377943876,False,False
2021-05-08 02:59:59.999,2021-05-07 00:00:00.000,2021-05-07 23:59:59.999,3489.74,3587.0,3353.23,3479.53,760544.64781,1382532,3133.56,331.49014216951474,-10.2,-0.29,Neutral,3796.5402843390293,2470.5797156609706,False,False
2021-05-09 02:59:59.999,2021-05-08 00:00:00.000,2021-05-08 23:59:59.999,3479.79,3958.33,3449.27,3910.26,1130467.54852,2146967,3249.762,381.33300826910596,430.73,12.38,Increase,4012.428016538212,2487.0959834617884,False,False
2021-05-10 02:59:59.999,2021-05-09 00:00:00.000,2021-05-09 23:59:59.999,3910.26,3983.65,3726.08,3923.95,1000401.0082,2289303,3366.453,392.19048149961554,13.69,0.35,Neutral,4150.8339629992315,2582.072037000769,False,False
2021-05-11 02:59:59.999,2021-05-10 00:00:00.000,2021-05-10 23:59:59.999,3923.95,4208.0,3650.0,3945.88,1505897.92612,3033133,3483.799,369.60639275527683,21.93,0.56,Neutral,4223.011785510554,2744.5862144894463,False,False
2021-05-12 02:59:59.999,2021-05-11 00:00:00.000,2021-05-11 23:59:59.999,3946.63,4180.22,3771.64,4173.45,1095927.10403,2290977,3606.667,374.69702647014554,227.57,5.77,Increase,4356.061052940291,2857.2729470597087,False,False
2021-05-13 02:59:59.999,2021-05-12 00:00:00.000,2021-05-12 23:59:59.999,4173.46,4372.72,3701.58,3823.21,1601842.74017,3188941,3694.032,298.5810115195106,-350.24,-8.39,Decrease,4291.194023039021,3096.869976960979,True,False
2021-05-14 02:59:59.999,2021-05-13 00:00:00.000,2021-05-13 23:59:59.999,3810.15,4034.77,3500.0,3717.91,2068708.17427,3943562,3722.719,283.9271250573775,-105.3,-2.75,Neutral,4290.573250114755,3154.864749885245,False,False
2021-05-15 02:59:59.999,2021-05-14 00:00:00.000,2021-05-14 23:59:59.999,3717.92,4173.28,3691.35,4075.01,1153390.42631,2227244,3806.3190000000004,246.25561766635374,357.1,9.6,Increase,4298.830235332708,3313.8077646672928,False,False
2021-05-16 02:59:59.999,2021-05-15 00:00:00.000,2021-05-15 23:59:59.999,4075.02,4134.05,3632.0,3646.68,1039174.88082,2055345,3818.561,233.38216829201406,-428.33,-10.51,Decrease,4285.325336584028,3351.796663415972,False,False
2021-05-17 02:59:59.999,2021-05-16 00:00:00.000,2021-05-16 23:59:59.999,3646.24,3879.0,3343.06,3582.1,1324065.65875,2532983,3827.7980000000002,220.38750835747337,-64.58,-1.77,Neutral,4268.573016714947,3387.0229832850537,False,True
2021-05-18 02:59:59.999,2021-05-17 00:00:00.000,2021-05-17 23:59:59.999,3581.81,3587.06,3102.0,3282.51,1904012.43998,2885352,3808.096,260.19279169282163,-299.59,-8.36,Decrease,4328.481583385643,3287.7104166143567,False,True
2021-05-19 02:59:59.999,2021-05-18 00:00:00.000,2021-05-18 23:59:59.999,3282.25,3565.71,3240.0,3375.07,1287110.84143,2143887,3754.5769999999998,290.159687798543,92.56,2.82,Neutral,4334.896375597085,3174.2576244029137,False,False
2021-05-20 02:59:59.999,2021-05-19 00:00:00.000,2021-05-19 23:59:59.999,3375.08,3441.73,1888.0,2438.92,4309836.31939,5548968,3606.0740000000005,498.8284628607445,-936.15,-27.74,Decrease,4603.730925721489,2608.417074278512,False,True
2021-05-21 02:59:59.999,2021-05-20 00:00:00.000,2021-05-20 23:59:59.999,2438.92,2990.05,2155.0,2768.62,2942777.9301,4243052,3488.3479999999995,546.3754805748016,329.7,13.52,Increase,4581.0989611496025,2395.5970388503965,False,True
2021-05-22 02:59:59.999,2021-05-21 00:00:00.000,2021-05-21 23:59:59.999,2767.87,2938.54,2101.0,2430.98,2727031.93514,3676164,3314.101,580.4000209520339,-337.64,-12.2,Decrease,4474.901041904068,2153.3009580959324,False,True
2021-05-23 02:59:59.999,2021-05-22 00:00:00.000,2021-05-22 23:59:59.999,2430.98,2485.0,2145.0,2294.87,1684318.01157,2484734,3161.2670000000003,630.5055467911865,-136.11,-5.6,Decrease,4422.278093582373,1900.2559064176273,False,False
2021-05-24 02:59:59.999,2021-05-23 00:00:00.000,2021-05-23 23:59:59.999,2295.45,2381.57,1728.74,2096.39,2914548.73125,3761018,2999.1150000000002,678.152235076237,-198.48,-8.65,Decrease,4355.419470152474,1642.8105298475261,False,False
2021-05-25 02:59:59.999,2021-05-24 00:00:00.000,2021-05-24 23:59:59.999,2096.63,2675.0,2079.94,2648.43,2186632.92245,3299296,2856.457,567.7373173895407,552.04,26.33,Increase,3991.9316347790814,1720.9823652209184,False,False
2021-05-26 02:59:59.999,2021-05-25 00:00:00.000,2021-05-25 23:59:59.999,2647.92,2750.0,2378.54,2705.11,2115349.50445,2976859,2762.3,495.6173560094342,56.68,2.14,Neutral,3753.5347120188685,1771.0652879811319,False,False
2021-05-27 02:59:59.999,2021-05-26 00:00:00.000,2021-05-26 23:59:59.999,2705.1,2910.0,2643.0,2884.94,1583799.59251,2726537,2692.584,408.94096222098614,179.83,6.65,Increase,3510.465924441972,1874.7020755580274,False,False
2021-05-28 02:59:59.999,2021-05-27 00:00:00.000,2021-05-27 23:59:59.999,2884.82,2889.74,2633.68,2742.23,1099029.91206,1732113,2638.5559999999996,354.3940348193784,-142.71,-4.95,Neutral,3347.3440696387565,1929.7679303612426,False,False
2021-05-29 02:59:59.999,2021-05-28 00:00:00.000,2021-05-28 23:59:59.999,2742.23,2762.45,2327.38,2412.1,1554584.61362,2184249,2542.259,246.40853901375078,-330.13,-12.04,Decrease,3035.0760780275014,2049.4419219724987,False,False
2021-05-30 02:59:59.999,2021-05-29 00:00:00.000,2021-05-29 23:59:59.999,2412.34,2574.27,2204.1,2278.74,1379427.18851,1887733,2526.241,258.76889390814836,-133.36,-5.53,Decrease,3043.7787878162967,2008.7032121837033,False,False
2021-05-31 02:59:59.999,2021-05-30 00:00:00.000,2021-05-30 23:59:59.999,2278.74,2476.42,2180.53,2385.98,1151113.19883,1519005,2487.977,246.9674507590953,107.24,4.71,Neutral,2981.9119015181905,1994.0420984818093,False,False
2021-06-01 02:59:59.999,2021-05-31 00:00:00.000,2021-05-31 23:59:59.999,2385.82,2720.0,2271.44,2706.15,1307958.04068,1849177,2515.4939999999997,255.10678431677673,320.17,13.42,Increase,3025.707568633553,2005.2804313664462,False,False
2021-06-02 02:59:59.999,2021-06-01 00:00:00.000,2021-06-01 23:59:59.999,2706.15,2740.0,2523.74,2634.57,1179577.10806,1790186,2549.464,244.8763356925788,-71.58,-2.65,Neutral,3039.2166713851575,2059.7113286148424,False,False
2021-06-03 02:59:59.999,2021-06-02 00:00:00.000,2021-06-02 23:59:59.999,2634.31,2802.99,2550.0,2706.22,970070.53563,1349232,2610.447,189.08754856768402,71.65,2.72,Neutral,2988.622097135368,2232.271902864632,False,False
2021-06-04 02:59:59.999,2021-06-03 00:00:00.000,2021-06-03 23:59:59.999,2706.21,2891.95,2662.4,2857.25,1024290.89423,1620340,2631.329,204.63934195718522,151.03,5.58,Increase,3040.6076839143707,2222.0503160856297,False,False
2021-06-05 02:59:59.999,2021-06-04 00:00:00.000,2021-06-04 23:59:59.999,2857.25,2860.0,2552.0,2689.51,1188314.11191,1775946,2629.769,204.0730803985093,-167.74,-5.87,Decrease,3037.9151607970184,2221.622839202981,False,False
2021-06-06 02:59:59.999,2021-06-05 00:00:00.000,2021-06-05 23:59:59.999,2689.54,2816.87,2552.23,2627.73,961824.12413,1670498,2604.048,183.51161609010714,-61.78,-2.3,Neutral,2971.071232180214,2237.0247678197857,False,False
2021-06-07 02:59:59.999,2021-06-06 00:00:00.000,2021-06-06 23:59:59.999,2627.63,2745.0,2614.0,2711.92,673792.69369,1336460,2601.0170000000003,181.21161748691793,84.19,3.2,Neutral,2963.440234973836,2238.5937650261644,False,False
2021-06-08 02:59:59.999,2021-06-07 00:00:00.000,2021-06-07 23:59:59.999,2711.92,2847.55,2570.0,2592.05,1152128.07856,1926275,2619.0119999999997,168.88241364926964,-119.87,-4.42,Neutral,2956.776827298539,2281.2471727014604,False,False
2021-06-09 02:59:59.999,2021-06-08 00:00:00.000,2021-06-08 23:59:59.999,2592.05,2620.99,2304.91,2507.23,1693747.42759,2128256,2641.861,128.31421515172516,-84.82,-3.27,Neutral,2898.4894303034503,2385.2325696965495,False,True
2021-06-10 02:59:59.999,2021-06-09 00:00:00.000,2021-06-09 23:59:59.999,2507.43,2626.63,2405.28,2610.18,1276718.24011,1763686,2664.281,93.5015602306132,102.95,4.11,Neutral,2851.2841204612264,2477.2778795387735,False,True
2021-06-11 02:59:59.999,2021-06-10 00:00:00.000,2021-06-10 23:59:59.999,2610.2,2624.46,2425.11,2471.09,741237.49926,978237,2640.775,109.91274562125719,-139.09,-5.33,Decrease,2860.6004912425146,2420.9495087574855,False,False
2021-06-12 02:59:59.999,2021-06-11 00:00:00.000,2021-06-11 23:59:59.999,2471.01,2497.99,2321.37,2354.01,587364.27358,885172,2612.719,142.61509063444007,-117.08,-4.74,Neutral,2897.9491812688802,2327.48881873112,False,True
2021-06-13 02:59:59.999,2021-06-12 00:00:00.000,2021-06-12 23:59:59.999,2354.09,2454.53,2256.22,2370.74,767439.4984,1127302,2579.171,156.91763341533428,16.73,0.71,Neutral,2893.006266830668,2265.3357331693314,False,True
2021-06-14 02:59:59.999,2021-06-13 00:00:00.000,2021-06-13 23:59:59.999,2370.64,2548.41,2308.41,2509.33,715948.75986,1217504,2544.379,123.40236603621315,138.59,5.85,Increase,2791.183732072426,2297.5742679275736,False,False
2021-06-15 02:59:59.999,2021-06-14 00:00:00.000,2021-06-14 23:59:59.999,2509.33,2609.17,2461.0,2580.77,684183.55622,1118498,2533.505,113.5938938353147,71.44,2.85,Neutral,2760.6927876706295,2306.3172123293707,False,False
2021-06-16 02:59:59.999,2021-06-15 00:00:00.000,2021-06-15 23:59:59.999,2580.58,2640.0,2507.7,2543.54,599826.64933,1044834,2525.0860000000002,108.85551557506446,-37.23,-1.44,Neutral,2742.797031150129,2307.3749688498715,False,False
2021-06-17 02:59:59.999,2021-06-16 00:00:00.000,2021-06-16 23:59:59.999,2543.55,2556.19,2351.18,2367.89,624741.78358,896073,2490.683,96.96143804512909,-175.65,-6.91,Decrease,2684.6058760902583,2296.7601239097417,False,False
2021-06-18 02:59:59.999,2021-06-17 00:00:00.000,2021-06-17 23:59:59.999,2368.02,2460.5,2306.0,2373.28,560667.58566,961448,2468.806,96.22649706696788,5.39,0.23,Neutral,2661.2589941339356,2276.3530058660644,False,False
2021-06-19 02:59:59.999,2021-06-18 00:00:00.000,2021-06-18 23:59:59.999,2373.28,2378.0,2139.0,2234.09,778905.20197,1067542,2441.492,119.9492946392165,-139.19,-5.86,Decrease,2681.3905892784333,2201.593410721567,False,True
2021-06-20 02:59:59.999,2021-06-19 00:00:00.000,2021-06-19 23:59:59.999,2234.09,2278.82,2161.67,2164.67,496872.24997,763820,2396.941,132.4207779475069,-69.42,-3.11,Neutral,2661.7825558950135,2132.099444104986,False,False
2021-06-21 02:59:59.999,2021-06-20 00:00:00.000,2021-06-20 23:59:59.999,2165.34,2280.01,2040.68,2243.47,743883.64741,1035537,2374.179,137.7161126254556,78.8,3.64,Neutral,2649.611225250911,2098.746774749089,False,True
2021-06-22 02:59:59.999,2021-06-21 00:00:00.000,2021-06-21 23:59:59.999,2243.49,2260.16,1865.54,1885.49,1629819.66576,2014010,2327.3269999999998,207.4047573144521,-357.98,-15.96,Decrease,2742.136514628904,1912.5174853710955,False,True
2021-06-23 02:59:59.999,2021-06-22 00:00:00.000,2021-06-22 23:59:59.999,1885.27,1998.0,1700.48,1879.28,1695338.08052,1856357,2278.181,249.85745551547254,-6.21,-0.33,Neutral,2777.895911030945,1778.466088969055,False,True
2021-06-24 02:59:59.999,2021-06-23 00:00:00.000,2021-06-23 23:59:59.999,1879.29,2045.0,1821.95,1968.14,918612.30494,1141790,2224.062,252.82089236804964,88.86,4.73,Neutral,2729.7037847360994,1718.4202152639007,False,False
2021-06-25 02:59:59.999,2021-06-24 00:00:00.000,2021-06-24 23:59:59.999,1967.95,2036.61,1884.79,1989.52,701231.67478,833337,2164.937,228.05392364526116,21.38,1.09,Neutral,2621.0448472905223,1708.8291527094775,False,False
2021-06-26 02:59:59.999,2021-06-25 00:00:00.000,2021-06-25 23:59:59.999,1989.53,2019.99,1791.22,1808.82,858808.54767,1041338,2091.465,210.17851329286236,-180.7,-9.08,Decrease,2511.822026585725,1671.1079734142754,False,False
2021-06-27 02:59:59.999,2021-06-26 00:00:00.000,2021-06-26 23:59:59.999,1808.97,1852.8,1717.32,1829.64,832315.14904,923226,2037.64,200.20692373419183,20.82,1.15,Neutral,2438.0538474683835,1637.2261525316164,False,False
2021-06-28 02:59:59.999,2021-06-27 00:00:00.000,2021-06-27 23:59:59.999,1829.84,1984.5,1804.26,1982.28,696055.79307,1091206,1998.5399999999997,161.88738568659835,152.64,8.34,Increase,2322.3147713731964,1674.765228626803,False,False
2021-06-29 02:59:59.999,2021-06-28 00:00:00.000,2021-06-28 23:59:59.999,1982.27,2145.0,1960.52,2084.41,1044244.68308,1657087,1983.5719999999997,143.57234914842357,102.13,5.15,Increase,2270.716698296847,1696.4273017031526,False,False
2021-06-30 02:59:59.999,2021-06-29 00:00:00.000,2021-06-29 23:59:59.999,2084.42,2245.0,2073.57,2165.33,831257.23277,1536044,1983.6380000000001,143.6649715135768,80.92,3.88,Neutral,2270.9679430271535,1696.3080569728465,False,False
2021-07-01 02:59:59.999,2021-06-30 00:00:00.000,2021-06-30 23:59:59.999,2165.46,2287.78,2087.99,2275.68,910583.6032,1464112,1986.859,150.34358039355197,110.35,5.1,Increase,2287.546160787104,1686.171839212896,True,False
2021-07-02 02:59:59.999,2021-07-01 00:00:00.000,2021-07-01 23:59:59.999,2275.68,2275.93,2073.12,2106.41,787865.25137,1414518,2008.9510000000002,150.02404706874822,-169.27,-7.44,Decrease,2308.9990941374967,1708.9029058625038,False,False
2021-07-03 02:59:59.999,2021-07-02 00:00:00.000,2021-07-02 23:59:59.999,2106.41,2160.0,2018.5,2154.13,672282.37476,862561,2036.4360000000001,148.80003503582932,47.72,2.27,Neutral,2334.0360700716587,1738.8359299283416,False,False
2021-07-04 02:59:59.999,2021-07-03 00:00:00.000,2021-07-03 23:59:59.999,2153.95,2240.0,2112.01,2226.99,569264.801,922576,2062.321,157.83930115080778,72.86,3.38,Neutral,2377.9996023016156,1746.6423976983842,False,False
2021-07-05 02:59:59.999,2021-07-04 00:00:00.000,2021-07-04 23:59:59.999,2226.99,2389.93,2189.58,2322.69,590656.25069,1204553,2095.638,174.995558851577,95.7,4.3,Neutral,2445.629117703154,1745.646882296846,False,False
2021-07-06 02:59:59.999,2021-07-05 00:00:00.000,2021-07-05 23:59:59.999,2322.69,2324.64,2157.32,2196.53,781806.31605,1264204,2134.409,144.71955127455817,-126.16,-5.43,Decrease,2423.8481025491164,1844.9698974508838,False,False
2021-07-07 02:59:59.999,2021-07-06 00:00:00.000,2021-07-06 23:59:59.999,2196.85,2350.0,2193.0,2322.5,785330.17152,1326163,2183.695,108.88154605910529,125.97,5.73,Increase,2401.4580921182105,1965.9319078817896,False,False
2021-07-08 02:59:59.999,2021-07-07 00:00:00.000,2021-07-07 23:59:59.999,2322.51,2409.0,2291.9,2316.57,666501.35572,1113578,2217.1240000000003,89.82050164386041,-5.93,-0.26,Neutral,2396.765003287721,2037.4829967122794,True,False
2021-07-09 02:59:59.999,2021-07-08 00:00:00.000,2021-07-08 23:59:59.999,2316.25,2325.6,2084.79,2116.33,880265.04124,1234614,2220.316,85.01897738478604,-200.24,-8.64,Decrease,2390.353954769572,2050.278045230428,False,False
2021-07-10 02:59:59.999,2021-07-09 00:00:00.000,2021-07-09 23:59:59.999,2116.32,2189.4,2046.51,2146.99,738611.36304,867603,2218.482,86.52144574226973,30.66,1.45,Neutral,2391.5248914845392,2045.4391085154605,False,False
2021-07-11 02:59:59.999,2021-07-10 00:00:00.000,2021-07-10 23:59:59.999,2146.99,2194.82,2074.16,2110.69,499071.85904,646476,2201.9829999999997,90.06107755295312,-36.3,-1.69,Neutral,2382.105155105906,2021.8608448940936,False,False
2021-07-12 02:59:59.999,2021-07-11 00:00:00.000,2021-07-11 23:59:59.999,2110.68,2174.0,2081.02,2140.45,342294.40302,479138,2205.3869999999997,86.62513030934026,29.76,1.41,Neutral,2378.63726061868,2032.136739381319,False,False
2021-07-13 02:59:59.999,2021-07-12 00:00:00.000,2021-07-12 23:59:59.999,2140.54,2167.83,2006.68,2031.58,540630.10742,725803,2193.132,101.98854061989871,-108.87,-5.09,Decrease,2397.1090812397974,1989.1549187602027,False,False
2021-07-14 02:59:59.999,2021-07-13 00:00:00.000,2021-07-13 23:59:59.999,2031.57,2047.35,1918.0,1940.15,647388.24969,902810,2164.448,128.34016058029704,-91.43,-4.5,Neutral,2421.128321160594,1907.7676788394058,False,False
2021-07-15 02:59:59.999,2021-07-14 00:00:00.000,2021-07-14 23:59:59.999,1940.44,2019.18,1865.0,1994.58,690505.60937,936438,2131.637,125.29510099937167,54.43,2.81,Neutral,2382.2272019987436,1881.0467980012568,False,True
2021-07-16 02:59:59.999,2021-07-15 00:00:00.000,2021-07-15 23:59:59.999,1994.41,2042.88,1881.0,1919.51,645271.32563,865033,2103.935,139.20509076338567,-75.07,-3.76,Neutral,2382.3451815267713,1825.5248184732286,False,False
2021-07-17 02:59:59.999,2021-07-16 00:00:00.000,2021-07-16 23:59:59.999,1919.54,1965.0,1850.0,1876.26,577068.89724,721120,2059.311,132.72977907930806,-43.25,-2.25,Neutral,2324.770558158616,1793.851441841384,False,False
2021-07-18 02:59:59.999,2021-07-17 00:00:00.000,2021-07-17 23:59:59.999,1876.47,1919.19,1844.45,1899.59,430300.51578,576008,2017.6129999999998,105.67041055931767,23.33,1.24,Neutral,2228.953821118635,1806.2721788813644,False,False
2021-07-19 02:59:59.999,2021-07-18 00:00:00.000,2021-07-18 23:59:59.999,1899.5,1993.79,1877.1,1891.64,534837.63654,768528,1995.1440000000002,106.23439076974523,-7.95,-0.42,Neutral,2207.6127815394907,1782.6752184605098,False,False
2021-07-20 02:59:59.999,2021-07-19 00:00:00.000,2021-07-19 23:59:59.999,1891.65,1919.0,1805.0,1818.73,547419.93771,641063,1962.318,104.80719915898848,-72.91,-3.85,Neutral,2171.932398317977,1752.703601682023,False,False
2021-07-21 02:59:59.999,2021-07-20 00:00:00.000,2021-07-20 23:59:59.999,1818.73,1841.34,1706.0,1786.03,786257.272,943640,1929.852,104.02122537677018,-32.7,-1.8,Neutral,2137.8944507535402,1721.8095492464597,False,True
2021-07-22 02:59:59.999,2021-07-21 00:00:00.000,2021-07-21 23:59:59.999,1786.03,2035.23,1747.55,1995.5,1115949.82033,1304423,1915.357,78.34455948632856,209.47,11.73,Increase,2072.046118972657,1758.667881027343,False,True
2021-07-23 02:59:59.999,2021-07-22 00:00:00.000,2021-07-22 23:59:59.999,1995.5,2046.0,1947.62,2024.56,768854.3659,1074800,1914.655,77.21068683224406,29.06,1.46,Neutral,2069.076373664488,1760.2336263355119,False,False
2021-07-24 02:59:59.999,2021-07-23 00:00:00.000,2021-07-23 23:59:59.999,2024.27,2130.9,1993.22,2124.25,708160.91322,1035643,1933.065,101.94998743935605,99.69,4.92,Neutral,2136.9649748787124,1729.165025121288,False,False
2021-07-25 02:59:59.999,2021-07-24 00:00:00.000,2021-07-24 23:59:59.999,2124.26,2199.5,2105.58,2184.75,633075.18592,1056670,1952.0819999999999,128.87934950520614,60.5,2.85,Neutral,2209.840699010412,1694.3233009895876,False,False
2021-07-26 02:59:59.999,2021-07-25 00:00:00.000,2021-07-25 23:59:59.999,2184.9,2197.41,2105.93,2189.79,535630.27,941623,1979.11,148.18457364605524,5.04,0.23,Neutral,2275.4791472921106,1682.7408527078894,False,False
2021-07-27 02:59:59.999,2021-07-26 00:00:00.000,2021-07-26 23:59:59.999,2189.82,2433.65,2171.57,2228.08,1393738.163,2252910,2014.292,162.15843348746318,38.29,1.75,Neutral,2338.608866974926,1689.9751330250735,True,False
2021-07-28 02:59:59.999,2021-07-27 00:00:00.000,2021-07-27 23:59:59.999,2227.81,2319.26,2150.5,2299.49,906359.23478,1502763,2054.282,179.14846957512216,71.41,3.21,Neutral,2412.5789391502444,1695.9850608497559,False,False
2021-07-29 02:59:59.999,2021-07-28 00:00:00.000,2021-07-28 23:59:59.999,2299.47,2345.0,2243.15,2300.9,718202.57727,1287050,2095.2079999999996,184.53130127734147,1.41,0.06,Neutral,2464.2706025546827,1726.1453974453166,False,False
2021-07-30 02:59:59.999,2021-07-29 00:00:00.000,2021-07-29 23:59:59.999,2300.9,2400.0,2266.12,2382.92,499364.83496,1036449,2151.627,176.68971082725992,82.02,3.56,Neutral,2505.0064216545197,1798.2475783454802,False,False
2021-07-31 02:59:59.999,2021-07-30 00:00:00.000,2021-07-30 23:59:59.999,2382.93,2471.7,2315.92,2461.81,762577.28797,1428312,2219.205,148.27068019522545,78.89,3.31,Neutral,2515.7463603904507,1922.6636396095491,False,False
2021-08-01 02:59:59.999,2021-07-31 00:00:00.000,2021-07-31 23:59:59.999,2461.77,2553.86,2420.68,2531.05,507601.05026,1007386,2272.7599999999998,155.05545538433756,69.24,2.81,Neutral,2582.870910768675,1962.6490892313245,False,False
2021-08-02 02:59:59.999,2021-08-01 00:00:00.000,2021-08-01 23:59:59.999,2531.1,2697.61,2511.24,2555.69,853495.94078,1810440,2325.873,151.51677039926193,24.64,0.97,Neutral,2628.906540798524,2022.839459201476,True,False
2021-08-03 02:59:59.999,2021-08-02 00:00:00.000,2021-08-02 23:59:59.999,2555.5,2666.0,2507.0,2606.93,726701.84952,1596914,2374.141,156.93565216709703,51.24,2.0,Neutral,2688.012304334194,2060.269695665806,False,False
2021-08-04 02:59:59.999,2021-08-03 00:00:00.000,2021-08-03 23:59:59.999,2606.92,2632.44,2442.32,2509.04,792960.84375,1701919,2406.5699999999997,146.61801435476693,-97.89,-3.75,Neutral,2699.8060287095336,2113.333971290466,False,False
2021-08-05 02:59:59.999,2021-08-04 00:00:00.000,2021-08-04 23:59:59.999,2508.51,2772.71,2457.68,2724.78,954590.7536,1839302,2460.069,156.03211382063384,215.74,8.6,Increase,2772.1332276412677,2148.004772358732,True,False
2021-08-06 02:59:59.999,2021-08-05 00:00:00.000,2021-08-05 23:59:59.999,2724.55,2843.98,2529.91,2826.99,1307720.20654,2690052,2519.96,171.28825288904173,102.21,3.75,Neutral,2862.5365057780837,2177.3834942219164,False,False
2021-08-07 02:59:59.999,2021-08-06 00:00:00.000,2021-08-06 23:59:59.999,2827.01,2946.75,2720.06,2891.58,825399.48637,1873337,2579.1690000000003,188.11767501871702,64.59,2.28,Neutral,2955.4043500374346,2202.933649962566,False,False
2021-08-08 02:59:59.999,2021-08-07 00:00:00.000,2021-08-07 23:59:59.999,2891.54,3171.0,2865.5,3160.31,1205277.10095,2318608,2665.1099999999997,236.86072034942526,268.73,9.29,Increase,3138.83144069885,2191.388559301149,True,False
2021-08-09 02:59:59.999,2021-08-08 00:00:00.000,2021-08-08 23:59:59.999,3160.48,3189.99,2949.03,3011.85,966349.70579,1771162,2728.0029999999997,237.10502703561664,-148.46,-4.7,Neutral,3202.213054071233,2253.7929459287666,False,False
2021-08-10 02:59:59.999,2021-08-09 00:00:00.000,2021-08-09 23:59:59.999,3011.84,3186.0,2893.23,3160.52,1129584.61614,2114151,2797.8740000000003,252.40219673283616,148.67,4.94,Neutral,3302.6783934656723,2293.069606534328,False,False
2021-08-11 02:59:59.999,2021-08-10 00:00:00.000,2021-08-10 23:59:59.999,3160.51,3233.0,3051.22,3141.66,880675.74443,1824522,2858.9350000000004,254.53031468658293,-18.86,-0.6,Neutral,3367.995629373166,2349.8743706268347,False,False
2021-08-12 02:59:59.999,2021-08-11 00:00:00.000,2021-08-11 23:59:59.999,3141.14,3274.0,3120.27,3160.5,732546.60433,1786853,2919.416,246.1877186755542,18.84,0.6,Neutral,3411.7914373511085,2427.040562648892,False,False
2021-08-13 02:59:59.999,2021-08-12 00:00:00.000,2021-08-12 23:59:59.999,3160.4,3239.0,2979.29,3045.96,737628.45808,1587719,2963.319,222.25278028258938,-114.54,-3.62,Neutral,3407.8245605651787,2518.8134394348212,False,False
2021-08-14 02:59:59.999,2021-08-13 00:00:00.000,2021-08-13 23:59:59.999,3046.11,3327.83,3033.8,3322.32,579333.40323,1311322,3044.647,182.85894910500363,276.36,9.07,Increase,3410.364898210007,2678.9291017899927,False,False
2021-08-15 02:59:59.999,2021-08-14 00:00:00.000,2021-08-14 23:59:59.999,3322.33,3330.98,3200.0,3263.16,486102.53787,1014420,3098.4849999999997,155.41496011577172,-59.16,-1.78,Neutral,3409.314920231543,2787.6550797684563,False,False
2021-08-16 02:59:59.999,2021-08-15 00:00:00.000,2021-08-15 23:59:59.999,3263.16,3320.0,3111.13,3307.09,565579.67765,1224556,3146.495,135.04780982636677,43.93,1.35,Neutral,3416.5906196527335,2876.3993803472663,False,False
2021-08-17 02:59:59.999,2021-08-16 00:00:00.000,2021-08-16 23:59:59.999,3307.35,3335.0,3135.22,3146.53,635667.05422,1940766,3171.9900000000002,101.46679380198402,-160.56,-4.86,Neutral,3374.9235876039684,2969.056412396032,False,False
2021-08-18 02:59:59.999,2021-08-17 00:00:00.000,2021-08-17 23:59:59.999,3147.18,3290.0,2991.89,3011.72,804996.06971,1644472,3157.1310000000003,113.53009580923552,-134.81,-4.28,Neutral,3384.1911916184713,2930.0708083815293,False,False
2021-08-19 02:59:59.999,2021-08-18 00:00:00.000,2021-08-18 23:59:59.999,3011.73,3125.81,2950.0,3014.55,625103.25568,1093813,3157.401,113.14876514772129,2.83,0.09,Neutral,3383.6985302954427,2931.103469704557,False,False
2021-08-20 02:59:59.999,2021-08-19 00:00:00.000,2021-08-19 23:59:59.999,3014.18,3188.0,2958.33,3184.12,634769.92174,1297759,3159.761,113.46671968765307,169.57,5.63,Increase,3386.694439375306,2932.827560624694,False,False
2021-08-21 02:59:59.999,2021-08-20 00:00:00.000,2021-08-20 23:59:59.999,3184.11,3300.0,3177.16,3284.82,558127.4554,1137843,3174.077,119.78448100655585,100.7,3.16,Neutral,3413.645962013112,2934.5080379868887,False,False
2021-08-22 02:59:59.999,2021-08-21 00:00:00.000,2021-08-21 23:59:59.999,3284.81,3309.16,3207.0,3223.43,421156.09084,777622,3180.37,120.64192296953738,-61.39,-1.87,Neutral,3421.6538459390745,2939.0861540609253,False,False
2021-08-23 02:59:59.999,2021-08-22 00:00:00.000,2021-08-22 23:59:59.999,3223.36,3272.0,3126.42,3238.0,406479.07654,803263,3199.574,111.83196464144673,14.57,0.45,Neutral,3423.2379292828937,2975.9100707171065,False,False
2021-08-24 02:59:59.999,2021-08-23 00:00:00.000,2021-08-23 23:59:59.999,3238.0,3377.89,3230.02,3321.28,602103.44614,1520784,3199.4700000000003,111.70554377971288,83.28,2.57,Neutral,3422.881087559426,2976.0589124405747,False,False
2021-08-25 02:59:59.999,2021-08-24 00:00:00.000,2021-08-24 23:59:59.999,3321.28,3357.85,3147.31,3170.62,540480.07853,984324,3190.216,109.65739466380992,-150.66,-4.54,Neutral,3409.53078932762,2970.90121067238,False,False
2021-08-26 02:59:59.999,2021-08-25 00:00:00.000,2021-08-25 23:59:59.999,3170.63,3248.0,3080.0,3226.87,483697.69444,1031704,3182.1940000000004,102.88243389643573,56.25,1.77,Neutral,3387.958867792872,2976.429132207129,False,False
2021-08-27 02:59:59.999,2021-08-26 00:00:00.000,2021-08-26 23:59:59.999,3226.88,3250.0,3053.3,3093.2,442298.47372,959232,3176.861,106.26317387091855,-133.67,-4.14,Neutral,3389.387347741837,2964.334652258163,False,False
2021-08-28 02:59:59.999,2021-08-27 00:00:00.000,2021-08-27 23:59:59.999,3093.06,3280.0,3060.18,3273.45,451027.80711,802187,3203.034,92.39672002361021,180.25,5.83,Increase,3387.8274400472205,3018.2405599527797,False,False
2021-08-29 02:59:59.999,2021-08-28 00:00:00.000,2021-08-28 23:59:59.999,3273.89,3287.0,3210.31,3244.48,262360.34921,539377,3226.027,64.75522888376203,-28.97,-0.88,Neutral,3355.5374577675243,3096.516542232476,False,False
2021-08-30 02:59:59.999,2021-08-29 00:00:00.000,2021-08-29 23:59:59.999,3244.75,3285.0,3152.34,3223.47,335806.7827,661232,3229.962,63.10014646936354,-21.01,-0.65,Neutral,3356.162292938727,3103.761707061273,False,False
2021-08-31 02:59:59.999,2021-08-30 00:00:00.000,2021-08-30 23:59:59.999,3223.47,3347.95,3143.0,3229.64,625347.27541,1228525,3224.444,60.11181861987195,6.17,0.19,Neutral,3344.6676372397437,3104.220362760256,True,False
2021-09-01 02:59:59.999,2021-08-31 00:00:00.000,2021-08-31 23:59:59.999,3229.14,3476.0,3188.77,3429.2,863071.13092,1772849,3245.0209999999997,88.32436350061445,199.56,6.18,Increase,3421.6697270012287,3068.3722729987708,True,False
2021-09-02 02:59:59.999,2021-09-01 00:00:00.000,2021-09-01 23:59:59.999,3429.19,3842.0,3382.22,3826.82,845759.95868,2022132,3303.903,203.84651672005748,397.62,11.6,Increase,3711.5960334401148,2896.209966559885,True,False
2021-09-03 02:59:59.999,2021-09-02 00:00:00.000,2021-09-02 23:59:59.999,3826.82,3836.8,3717.04,3785.82,525165.7996,1402190,3350.357,254.80775215185102,-41.0,-1.07,Neutral,3859.972504303702,2840.741495696298,False,False
2021-09-04 02:59:59.999,2021-09-03 00:00:00.000,2021-09-03 23:59:59.999,3785.82,4027.88,3705.05,3938.11,655903.75739,1678132,3427.1059999999998,305.2479911372831,152.29,4.02,Neutral,4037.601982274566,2816.6100177254334,False,False
2021-09-05 02:59:59.999,2021-09-04 00:00:00.000,2021-09-04 23:59:59.999,3938.11,3970.0,3832.5,3885.52,364478.1193,996623,3492.971,327.4911334321604,-52.59,-1.34,Neutral,4147.9532668643205,2837.9887331356795,False,False
2021-09-06 02:59:59.999,2021-09-05 00:00:00.000,2021-09-05 23:59:59.999,3885.61,3980.0,3830.0,3950.29,365759.8597,1083584,3578.6800000000003,323.37069729133185,64.77,1.67,Neutral,4225.421394582664,2931.9386054173365,False,False
2021-09-07 02:59:59.999,2021-09-06 00:00:00.000,2021-09-06 23:59:59.999,3950.28,3970.0,3864.3,3926.77,397768.5783,865160,3644.012,320.8384958476682,-23.52,-0.6,Neutral,4285.688991695337,3002.335008304664,False,False
2021-09-08 02:59:59.999,2021-09-07 00:00:00.000,2021-09-07 23:59:59.999,3926.67,3947.15,3005.0,3434.57,1203536.00209,2359100,3663.0209999999997,299.45557550145156,-492.2,-12.53,Decrease,4261.932151002903,3064.1098489970964,False,True
2021-09-09 02:59:59.999,2021-09-08 00:00:00.000,2021-09-08 23:59:59.999,3434.84,3560.0,3215.16,3499.0,780611.7657,1783652,3690.5740000000005,265.23970375663197,64.43,1.88,Neutral,4221.053407513265,3160.0945924867365,False,False
2021-09-10 02:59:59.999,2021-09-09 00:00:00.000,2021-09-09 23:59:59.999,3499.01,3567.06,3390.4,3424.93,628553.8831,1147283,3710.1030000000005,232.728183846916,-74.07,-2.12,Neutral,4175.559367693832,3244.6466323061686,False,False
2021-09-11 02:59:59.999,2021-09-10 00:00:00.000,2021-09-10 23:59:59.999,3424.94,3514.11,3150.0,3208.86,633026.2659,1128069,3688.0690000000004,269.76218870416477,-216.07,-6.31,Decrease,4227.59337740833,3148.5446225916708,False,False
2021-09-12 02:59:59.999,2021-09-11 00:00:00.000,2021-09-11 23:59:59.999,3208.85,3348.37,3200.0,3267.21,413524.1761,833958,3632.108,294.6747489012525,58.35,1.82,Neutral,4221.457497802505,3042.758502197495,False,False
2021-09-13 02:59:59.999,2021-09-12 00:00:00.000,2021-09-12 23:59:59.999,3267.1,3474.16,3231.1,3404.21,408858.9595,1089138,3593.947,297.25529039496257,137.0,4.19,Neutral,4188.4575807899255,2999.4364192100747,False,False
2021-09-14 02:59:59.999,2021-09-13 00:00:00.000,2021-09-13 23:59:59.999,3404.3,3430.3,3108.49,3285.35,647855.7199,1363198,3528.671,284.68710798780353,-118.86,-3.49,Neutral,4098.045215975607,2959.2967840243928,False,False
2021-09-15 02:59:59.999,2021-09-14 00:00:00.000,2021-09-14 23:59:59.999,3285.09,3437.05,3269.95,3434.37,373634.9026,894664,3483.5559999999996,256.1723774336614,149.02,4.54,Neutral,3995.9007548673226,2971.2112451326766,False,False
2021-09-16 02:59:59.999,2021-09-15 00:00:00.000,2021-09-15 23:59:59.999,3434.37,3616.16,3357.78,3613.55,428507.5278,977023,3449.882,205.03035362277586,179.18,5.22,Increase,3859.942707245552,3039.821292754448,False,False
2021-09-17 02:59:59.999,2021-09-16 00:00:00.000,2021-09-16 23:59:59.999,3613.55,3676.28,3481.14,3567.98,467985.4919,1081868,3414.0029999999997,129.95253826349253,-45.57,-1.26,Neutral,3673.9080765269846,3154.097923473015,True,False
2021-09-18 02:59:59.999,2021-09-17 00:00:00.000,2021-09-17 23:59:59.999,3567.97,3594.17,3350.07,3399.81,398888.3705,867583,3410.5270000000005,129.80608349470975,-168.17,-4.71,Neutral,3670.13916698942,3150.914833010581,False,False
2021-09-19 02:59:59.999,2021-09-18 00:00:00.000,2021-09-18 23:59:59.999,3399.89,3541.96,3368.88,3435.64,315162.7627,692204,3404.1910000000003,126.51232521867378,35.83,1.05,Neutral,3657.215650437348,3151.1663495626526,False,False
2021-09-20 02:59:59.999,2021-09-19 00:00:00.000,2021-09-19 23:59:59.999,3435.64,3456.53,3277.74,3328.62,312948.0013,687285,3394.56,128.40977126203717,-107.02,-3.11,Neutral,3651.379542524074,3137.7404574759257,False,False
2021-09-21 02:59:59.999,2021-09-20 00:00:00.000,2021-09-20 23:59:59.999,3328.57,3347.82,2913.39,2977.28,917939.57849,1708278,3371.4020000000005,177.22452895193462,-351.34,-10.56,Decrease,3725.85105790387,3016.952942096131,False,True
2021-09-22 02:59:59.999,2021-09-21 00:00:00.000,2021-09-21 23:59:59.999,2977.32,3105.83,2652.0,2765.9,971519.88941,1754962,3321.2709999999997,261.0496611949771,-211.38,-7.1,Decrease,3843.370322389954,2799.1716776100457,False,True
2021-09-23 02:59:59.999,2021-09-22 00:00:00.000,2021-09-22 23:59:59.999,2766.72,3088.88,2737.54,3076.92,677457.64825,1200519,3288.542,269.86395534707395,311.02,11.24,Increase,3828.2699106941477,2748.814089305852,False,True
2021-09-24 02:59:59.999,2021-09-23 00:00:00.000,2021-09-23 23:59:59.999,3076.92,3174.5,3033.85,3152.5,459293.8858,885568,3275.257,273.2868485289783,75.58,2.46,Neutral,3821.8306970579565,2728.6833029420436,False,False
2021-09-25 02:59:59.999,2021-09-24 00:00:00.000,2021-09-24 23:59:59.999,3152.41,3158.52,2733.0,2909.1,739474.9113,1229519,3222.7300000000005,289.3161398117411,-243.4,-7.72,Decrease,3801.3622796234827,2644.0977203765183,False,False
