,open_time,close_time,open,high,low,close,volume,num_trades,MA_10,STD_10,Price_Change,Price_Change%,Change,upper_bound,lower_bound,above_bound,below_bound,cross_bounds
2020-08-20 02:59:59.999,2020-08-19 00:00:00.000,2020-08-19 23:59:59.999,50.42,50.42,37.77,42.079,11838.172,4880,,,,,,,,False,False,neutral
2020-08-21 02:59:59.999,2020-08-20 00:00:00.000,2020-08-20 23:59:59.999,42.281,53.88,39.542,46.93,62972.514,18560,,,4.85,11.53,Increase,,,False,False,neutral
2020-08-22 02:59:59.999,2020-08-21 00:00:00.000,2020-08-21 23:59:59.999,46.952,52.1,41.352,41.896,47528.204,19241,,,-5.03,-10.73,Decrease,,,False,False,neutral
2020-08-23 02:59:59.999,2020-08-22 00:00:00.000,2020-08-22 23:59:59.999,42.181,51.0,41.072,47.978,19932.147,8238,,,6.08,14.52,Increase,,,False,False,neutral
2020-08-24 02:59:59.999,2020-08-23 00:00:00.000,2020-08-23 23:59:59.999,48.048,48.057,42.828,43.591,17284.855,6039,,,-4.39,-9.14,Decrease,,,False,False,neutral
2020-08-25 02:59:59.999,2020-08-24 00:00:00.000,2020-08-24 23:59:59.999,43.283,46.999,42.815,44.729,11956.428,4196,,,1.14,2.61,Neutral,,,False,False,neutral
2020-08-26 02:59:59.999,2020-08-25 00:00:00.000,2020-08-25 23:59:59.999,44.728,45.159,40.1,42.231,13036.036,3459,,,-2.5,-5.58,Decrease,,,False,False,neutral
2020-08-27 02:59:59.999,2020-08-26 00:00:00.000,2020-08-26 23:59:59.999,41.878,44.307,38.622,43.708,12766.289,2885,,,1.48,3.5,Neutral,,,False,False,neutral
2020-08-28 02:59:59.999,2020-08-27 00:00:00.000,2020-08-27 23:59:59.999,43.709,67.5,38.694,52.437,77689.364,20006,,,8.73,19.97,Increase,,,False,False,neutral
2020-08-29 02:59:59.999,2020-08-28 00:00:00.000,2020-08-28 23:59:59.999,52.497,64.8,50.0,54.69,144901.117,45207,46.0269,4.482256635272511,2.25,4.3,Neutral,59.47366990581753,32.580130094182465,True,False,above
2020-08-30 02:59:59.999,2020-08-29 00:00:00.000,2020-08-29 23:59:59.999,54.69,55.958,51.006,52.45,40002.97,13469,47.064,4.6634531316516,-2.24,-4.1,Neutral,61.0543593949548,33.0736406050452,False,False,neutral
2020-08-31 02:59:59.999,2020-08-30 00:00:00.000,2020-08-30 23:59:59.999,52.45,53.5,47.947,51.355,46303.342,13355,47.5065,4.855315740963141,-1.1,-2.09,Neutral,62.07244722288942,32.94055277711058,False,False,neutral
2020-09-01 02:59:59.999,2020-08-31 00:00:00.000,2020-08-31 23:59:59.999,51.329,59.59,49.834,55.249,56010.889,17023,48.84179999999999,4.975553052453343,3.89,7.58,Increase,63.76845915736002,33.915140842639964,False,False,neutral
2020-09-02 02:59:59.999,2020-09-01 00:00:00.000,2020-09-01 23:59:59.999,55.42,55.57,50.25,50.891,26642.975,9778,49.1331,5.004549784390643,-4.36,-7.89,Decrease,64.14674935317193,34.11945064682807,False,False,neutral
2020-09-03 02:59:59.999,2020-09-02 00:00:00.000,2020-09-02 23:59:59.999,51.197,52.853,45.82,48.998,17974.788,5560,49.6738,4.616269316233617,-1.89,-3.72,Neutral,63.52260794870085,35.82499205129915,False,False,neutral
2020-09-04 02:59:59.999,2020-09-03 00:00:00.000,2020-09-03 23:59:59.999,49.021,49.062,37.77,40.711,23023.775,6419,49.272000000000006,5.228721811090906,-8.29,-16.91,Decrease,64.95816543327273,33.585834566727286,False,False,neutral
2020-09-05 02:59:59.999,2020-09-04 00:00:00.000,2020-09-04 23:59:59.999,40.492,48.862,36.368,42.745,20238.925,5852,49.3234,5.153805653215021,2.03,5.0,Neutral,64.78481695964507,33.861983040354936,False,False,neutral
2020-09-06 02:59:59.999,2020-09-05 00:00:00.000,2020-09-05 23:59:59.999,42.68,44.588,35.936,37.638,19104.598,4953,48.7164,6.149857996553886,-5.11,-11.95,Decrease,67.16597398966167,30.26682601033834,False,False,neutral
2020-09-07 02:59:59.999,2020-09-06 00:00:00.000,2020-09-06 23:59:59.999,37.638,40.5,35.0,38.255,19173.991,4310,47.298199999999994,6.797645782017312,0.62,1.64,Neutral,67.69113734605193,26.905262653948057,False,False,neutral
2020-09-08 02:59:59.999,2020-09-07 00:00:00.000,2020-09-07 23:59:59.999,38.255,40.0,34.147,37.396,9661.115,2923,45.568799999999996,6.907150140735803,-0.86,-2.25,Neutral,66.29025042220741,24.847349577792585,False,False,neutral
2020-09-09 02:59:59.999,2020-09-08 00:00:00.000,2020-09-08 23:59:59.999,37.395,37.488,33.894,35.657,9716.227,3132,43.8895,7.087319572463354,-1.74,-4.65,Neutral,65.15145871739006,22.627541282609936,False,False,neutral
2020-09-10 02:59:59.999,2020-09-09 00:00:00.000,2020-09-09 23:59:59.999,35.65,37.698,34.188,35.962,4763.384,1879,42.350199999999994,6.956116489983623,0.31,0.86,Neutral,63.218549469950865,21.481850530049122,False,False,neutral
2020-09-11 02:59:59.999,2020-09-10 00:00:00.000,2020-09-10 23:59:59.999,35.961,40.0,35.9,36.474,10089.061,3460,40.4727,5.460856995218061,0.51,1.42,Neutral,56.85527098565419,24.09012901434582,False,False,neutral
2020-09-12 02:59:59.999,2020-09-11 00:00:00.000,2020-09-11 23:59:59.999,36.532,36.898,34.86,36.283,8574.208,2817,39.0119,4.1641576032187135,-0.19,-0.52,Neutral,51.50437280965614,26.519427190343855,False,False,neutral
2020-09-13 02:59:59.999,2020-09-12 00:00:00.000,2020-09-12 23:59:59.999,36.235,39.67,36.145,37.762,22056.744,5959,37.8883,2.242943604086128,1.48,4.08,Neutral,44.61713081225839,31.159469187741617,False,False,neutral
2020-09-14 02:59:59.999,2020-09-13 00:00:00.000,2020-09-13 23:59:59.999,37.762,38.438,35.001,35.547,7267.145,3110,37.3719,2.1114640760487013,-2.22,-5.87,Decrease,43.7062922281461,31.037507771853893,False,False,neutral
2020-09-15 02:59:59.999,2020-09-14 00:00:00.000,2020-09-14 23:59:59.999,35.573,37.244,34.982,35.259,12227.861,3630,36.6233,1.0601178183997393,-0.29,-0.81,Neutral,39.80365345519922,33.44294654480078,False,False,neutral
2020-09-16 02:59:59.999,2020-09-15 00:00:00.000,2020-09-15 23:59:59.999,35.271,36.818,33.855,34.98,19236.467,5679,36.3575,1.1095029167253008,-0.28,-0.79,Neutral,39.6860087501759,33.0289912498241,False,False,neutral
2020-09-17 02:59:59.999,2020-09-16 00:00:00.000,2020-09-16 23:59:59.999,34.822,35.726,32.163,32.216,13473.372,4759,35.7536,1.5269262661379341,-2.76,-7.9,Decrease,40.3343787984138,31.172821201586196,False,False,neutral
2020-09-18 02:59:59.999,2020-09-17 00:00:00.000,2020-09-17 23:59:59.999,32.187,37.528,31.865,32.061,18718.873,6086,35.2201,1.7973786128074063,-0.16,-0.48,Neutral,40.61223583842222,29.827964161577782,False,False,neutral
2020-09-19 02:59:59.999,2020-09-18 00:00:00.000,2020-09-18 23:59:59.999,32.061,32.3,28.814,29.381,38081.668,9803,34.5925,2.561260941628321,-2.68,-8.36,Decrease,42.276282824884966,26.908717175115036,False,False,neutral
2020-09-20 02:59:59.999,2020-09-19 00:00:00.000,2020-09-19 23:59:59.999,29.393,29.653,28.733,29.223,6857.517,1814,33.9186,3.0084160911977325,-0.16,-0.54,Neutral,42.9438482735932,24.8933517264068,False,False,neutral
2020-09-21 02:59:59.999,2020-09-20 00:00:00.000,2020-09-20 23:59:59.999,29.216,40.0,28.896,33.266,228951.429,38354,33.59779999999999,2.8736696941560234,4.04,13.83,Increase,42.21880908246806,24.976790917531922,False,False,neutral
2020-09-22 02:59:59.999,2020-09-21 00:00:00.000,2020-09-21 23:59:59.999,33.265,34.136,29.71,31.196,53371.528,11673,33.0891,2.794685132333968,-2.07,-6.22,Decrease,41.473155397001904,24.705044602998097,False,False,neutral
2020-09-23 02:59:59.999,2020-09-22 00:00:00.000,2020-09-22 23:59:59.999,31.147,33.1,29.936,30.7,26253.944,5258,32.3829,2.3375439366042228,-0.5,-1.59,Neutral,39.39553180981267,25.370268190187332,False,False,neutral
2020-09-24 02:59:59.999,2020-09-23 00:00:00.000,2020-09-23 23:59:59.999,30.701,32.0,28.81,29.101,39743.007,8455,31.7383,2.2553948188484605,-1.6,-5.21,Decrease,38.504484456545384,24.972115543454617,False,False,neutral
2020-09-25 02:59:59.999,2020-09-24 00:00:00.000,2020-09-24 23:59:59.999,28.978,33.0,28.949,31.688,26261.05,5804,31.381199999999996,1.8889517845736623,2.59,8.89,Increase,37.04805535372098,25.71434464627901,False,False,neutral
2020-09-26 02:59:59.999,2020-09-25 00:00:00.000,2020-09-25 23:59:59.999,31.601,31.989,30.141,31.128,8475.297,2041,30.996000000000002,1.4040500149367952,-0.56,-1.77,Neutral,35.20815004481039,26.783849955189616,False,False,neutral
2020-09-27 02:59:59.999,2020-09-26 00:00:00.000,2020-09-26 23:59:59.999,31.134,32.384,30.832,31.479,5869.643,1386,30.9223,1.3512455200869762,0.35,1.13,Neutral,34.97603656026093,26.86856343973907,False,False,neutral
2020-09-28 02:59:59.999,2020-09-27 00:00:00.000,2020-09-27 23:59:59.999,31.406,32.531,30.718,31.675,7065.451,1864,30.883700000000005,1.3202609211817056,0.2,0.62,Neutral,34.84448276354512,26.922917236454886,False,False,neutral
2020-09-29 02:59:59.999,2020-09-28 00:00:00.000,2020-09-28 23:59:59.999,31.74,32.022,30.925,31.346,11122.411,2821,31.0802,1.213685461723742,-0.33,-1.04,Neutral,34.72125638517123,27.439143614828776,False,False,neutral
2020-09-30 02:59:59.999,2020-09-29 00:00:00.000,2020-09-29 23:59:59.999,31.287,31.698,30.101,30.736,9660.89,2231,31.2315,1.0380353505003899,-0.61,-1.95,Neutral,34.34560605150117,28.11739394849883,False,False,neutral
2020-10-01 02:59:59.999,2020-09-30 00:00:00.000,2020-09-30 23:59:59.999,30.646,31.275,30.435,30.824,9711.532,2263,30.987300000000005,0.7548499556568345,0.09,0.29,Neutral,33.25184986697051,28.7227501330295,False,False,neutral
2020-10-02 02:59:59.999,2020-10-01 00:00:00.000,2020-10-01 23:59:59.999,30.759,31.506,29.54,30.648,8149.4,2324,30.932499999999997,0.7579009389972418,-0.18,-0.57,Neutral,33.20620281699172,28.65879718300827,False,False,neutral
2020-10-03 02:59:59.999,2020-10-02 00:00:00.000,2020-10-02 23:59:59.999,30.525,30.945,28.092,28.616,15580.904,4572,30.7241,1.0565948924096813,-2.03,-6.63,Decrease,33.893884677229046,27.554315322770957,False,False,neutral
2020-10-04 02:59:59.999,2020-10-03 00:00:00.000,2020-10-03 23:59:59.999,28.543,29.06,28.366,28.534,3251.198,891,30.667399999999997,1.1632077487131112,-0.08,-0.29,Neutral,34.15702324613933,27.177776753860662,False,False,neutral
2020-10-05 02:59:59.999,2020-10-04 00:00:00.000,2020-10-04 23:59:59.999,28.481,28.998,27.908,28.953,4191.797,1223,30.393900000000002,1.2168717133150124,0.42,1.47,Neutral,34.04451513994504,26.743284860054963,False,False,neutral
2020-10-06 02:59:59.999,2020-10-05 00:00:00.000,2020-10-05 23:59:59.999,29.015,29.408,28.278,28.795,3740.739,1212,30.1606,1.2823710851385948,-0.16,-0.55,Neutral,34.00771325541578,26.313486744584214,False,False,neutral
2020-10-07 02:59:59.999,2020-10-06 00:00:00.000,2020-10-06 23:59:59.999,28.869,29.015,26.973,27.065,5370.092,1751,29.7192,1.5164469291367924,-1.73,-6.01,Decrease,34.26854078741038,25.169859212589625,False,False,neutral
2020-10-08 02:59:59.999,2020-10-07 00:00:00.000,2020-10-07 23:59:59.999,27.043,27.743,26.853,27.359,4747.386,1168,29.287599999999998,1.5121399993973044,0.29,1.09,Neutral,33.824019998191915,24.751180001808084,False,False,neutral
2020-10-09 02:59:59.999,2020-10-08 00:00:00.000,2020-10-08 23:59:59.999,27.413,27.82,26.837,27.33,6068.317,1674,28.885999999999996,1.4361007392703413,-0.03,-0.11,Neutral,33.19430221781102,24.57769778218897,False,False,neutral
2020-10-10 02:59:59.999,2020-10-09 00:00:00.000,2020-10-09 23:59:59.999,27.33,29.321,27.31,28.858,14671.716,2981,28.698199999999996,1.281798372079691,1.53,5.59,Increase,32.54359511623907,24.852804883760925,False,False,neutral
2020-10-11 02:59:59.999,2020-10-10 00:00:00.000,2020-10-10 23:59:59.999,28.946,29.681,28.587,28.839,4986.36,1314,28.499699999999997,1.0484825066094976,-0.02,-0.07,Neutral,31.64514751982849,25.354252480171503,False,False,neutral
2020-10-12 02:59:59.999,2020-10-11 00:00:00.000,2020-10-11 23:59:59.999,28.899,29.673,28.237,28.752,3599.65,1220,28.3101,0.744074436240169,-0.09,-0.3,Neutral,30.542323308720505,26.077876691279492,False,False,neutral
2020-10-13 02:59:59.999,2020-10-12 00:00:00.000,2020-10-12 23:59:59.999,28.893,35.99,28.779,31.204,29875.058,7602,28.568899999999996,1.1829402586584952,2.45,8.53,Increase,32.117720775975485,25.02007922402451,True,False,above
2020-10-14 02:59:59.999,2020-10-13 00:00:00.000,2020-10-13 23:59:59.999,31.195,32.5,30.723,31.65,3824.196,964,28.8805,1.5317071993184377,0.45,1.43,Neutral,33.47562159795531,24.28537840204469,False,False,neutral
2020-10-15 02:59:59.999,2020-10-14 00:00:00.000,2020-10-14 23:59:59.999,31.65,31.716,29.413,29.806,5351.21,1167,28.9658,1.5596892710478307,-1.84,-5.83,Decrease,33.64486781314349,24.28673218685651,False,False,neutral
2020-10-16 02:59:59.999,2020-10-15 00:00:00.000,2020-10-15 23:59:59.999,29.828,30.295,29.076,29.356,8886.612,3144,29.0219,1.5629490252580378,-0.45,-1.51,Neutral,33.71074707577411,24.333052924225886,False,False,neutral
2020-10-17 02:59:59.999,2020-10-16 00:00:00.000,2020-10-16 23:59:59.999,29.37,30.203,27.84,28.311,14448.393,2782,29.146500000000003,1.4339516689513598,-1.05,-3.56,Neutral,33.44835500685409,24.844644993145923,False,False,neutral
2020-10-18 02:59:59.999,2020-10-17 00:00:00.000,2020-10-17 23:59:59.999,28.147,28.636,27.766,28.636,1719.517,452,29.274199999999997,1.3084485129765786,0.32,1.15,Neutral,33.19954553892973,25.34885446107026,False,False,neutral
2020-10-19 02:59:59.999,2020-10-18 00:00:00.000,2020-10-18 23:59:59.999,28.598,29.158,28.382,29.128,1224.33,274,29.453999999999997,1.121829755354847,0.49,1.72,Neutral,32.81948926606454,26.088510733935458,False,False,neutral
2020-10-20 02:59:59.999,2020-10-19 00:00:00.000,2020-10-19 23:59:59.999,29.137,29.954,28.5,29.069,5116.079,1112,29.475099999999998,1.1113092828829152,-0.06,-0.2,Neutral,32.809027848648746,26.141172151351252,False,False,neutral
2020-10-21 02:59:59.999,2020-10-20 00:00:00.000,2020-10-20 23:59:59.999,29.09,29.783,26.419,26.419,12468.922,2552,29.2331,1.4706218979282784,-2.65,-9.12,Decrease,33.64496569378483,24.821234306215167,False,False,neutral
2020-10-22 02:59:59.999,2020-10-21 00:00:00.000,2020-10-21 23:59:59.999,26.466,27.894,25.999,26.551,21575.822,3356,29.012999999999998,1.6977868600686359,0.13,0.5,Neutral,34.10636058020591,23.91963941979409,False,False,neutral
2020-10-23 02:59:59.999,2020-10-22 00:00:00.000,2020-10-22 23:59:59.999,26.593,27.412,26.0,26.771,7727.907,1305,28.5697,1.639893495864062,0.22,0.83,Neutral,33.489380487592186,23.650019512407816,False,False,neutral
2020-10-24 02:59:59.999,2020-10-23 00:00:00.000,2020-10-23 23:59:59.999,26.7,27.146,26.0,26.346,8987.184,2503,28.039299999999997,1.3681539914950722,-0.43,-1.59,Neutral,32.143761974485216,23.93483802551478,False,False,neutral
2020-10-25 02:59:59.999,2020-10-24 00:00:00.000,2020-10-24 23:59:59.999,26.388,27.069,26.122,26.461,3318.809,799,27.7048,1.2951837106927664,0.11,0.44,Neutral,31.590351132078297,23.8192488679217,False,False,neutral
2020-10-26 01:59:59.999,2020-10-25 00:00:00.000,2020-10-25 23:59:59.999,26.489,27.014,25.855,25.97,6378.413,1643,27.3662,1.257602551594582,-0.49,-1.86,Neutral,31.139007654783747,23.59339234521625,False,False,neutral
2020-10-27 01:59:59.999,2020-10-26 00:00:00.000,2020-10-26 23:59:59.999,25.957,27.146,25.579,26.004,15173.674,3236,27.1355,1.2764879988117892,0.03,0.13,Neutral,30.96496399643537,23.306036003564632,False,False,neutral
2020-10-28 01:59:59.999,2020-10-27 00:00:00.000,2020-10-27 23:59:59.999,26.049,26.051,25.017,25.189,5303.171,1221,26.790799999999997,1.2915957227826802,-0.82,-3.13,Neutral,30.66558716834804,22.916012831651955,False,False,neutral
2020-10-29 01:59:59.999,2020-10-28 00:00:00.000,2020-10-28 23:59:59.999,25.167,25.65,24.738,24.996,3669.486,1217,26.3776,1.1088250237673754,-0.19,-0.77,Neutral,29.704075071302128,23.051124928697874,False,False,neutral
2020-10-30 01:59:59.999,2020-10-29 00:00:00.000,2020-10-29 23:59:59.999,24.954,25.888,23.881,23.976,10009.414,1893,25.868299999999998,0.8816411527495702,-1.02,-4.08,Neutral,28.51322345824871,23.223376541751286,False,False,neutral
2020-10-31 01:59:59.999,2020-10-30 00:00:00.000,2020-10-30 23:59:59.999,24.146,25.081,23.874,24.229,2810.429,1020,25.6493,0.9944313897339779,0.25,1.06,Neutral,28.632594169201933,22.666005830798067,False,False,neutral
2020-11-01 01:59:59.999,2020-10-31 00:00:00.000,2020-10-31 23:59:59.999,24.214,24.909,22.989,23.233,10915.76,2790,25.317500000000003,1.1937138359848114,-1.0,-4.11,Neutral,28.898641507954437,21.736358492045568,False,False,neutral
2020-11-02 01:59:59.999,2020-11-01 00:00:00.000,2020-11-01 23:59:59.999,23.249,25.119,22.788,23.239,13794.493,3009,24.9643,1.23758600598971,0.01,0.03,Neutral,28.67705801796913,21.251541982030872,False,False,neutral
2020-11-03 01:59:59.999,2020-11-02 00:00:00.000,2020-11-02 23:59:59.999,23.324,25.12,22.735,22.94,11335.745,2531,24.6237,1.2829299842328783,-0.3,-1.29,Neutral,28.472489952698634,20.774910047301365,False,False,neutral
2020-11-04 01:59:59.999,2020-11-03 00:00:00.000,2020-11-03 23:59:59.999,22.94,28.478,22.802,25.968,31327.643,9670,24.5744,1.2119933259806135,3.03,13.2,Increase,28.21037997794184,20.93842002205816,True,False,above
2020-11-05 01:59:59.999,2020-11-04 00:00:00.000,2020-11-04 23:59:59.999,25.968,26.001,22.844,24.312,22046.945,5192,24.4086,1.1088837430293939,-1.66,-6.38,Decrease,27.73525122908818,21.08194877091182,False,False,neutral
2020-11-06 01:59:59.999,2020-11-05 00:00:00.000,2020-11-05 23:59:59.999,24.303,25.758,23.106,23.469,38626.642,7787,24.155099999999997,0.9866628885059335,-0.84,-3.47,Neutral,27.1150886655178,21.195111334482196,False,False,neutral
2020-11-07 01:59:59.999,2020-11-06 00:00:00.000,2020-11-06 23:59:59.999,23.426,24.866,22.537,24.095,38432.03,6478,24.0457,0.9175154918458283,0.63,2.67,Neutral,26.798246475537486,21.293153524462515,False,False,neutral
2020-11-08 01:59:59.999,2020-11-07 00:00:00.000,2020-11-07 23:59:59.999,24.113,24.6,22.05,22.816,14237.956,3774,23.8277,0.9255847461046083,-1.28,-5.31,Decrease,26.604454238313824,21.050945761686176,False,False,neutral
2020-11-09 01:59:59.999,2020-11-08 00:00:00.000,2020-11-08 23:59:59.999,22.683,23.879,22.605,23.312,4787.612,1228,23.7613,0.9375042577677403,0.5,2.17,Neutral,26.57381277330322,20.948787226696776,False,False,neutral
2020-11-10 01:59:59.999,2020-11-09 00:00:00.000,2020-11-09 23:59:59.999,23.21,24.744,22.21,23.619,14606.862,3806,23.700300000000002,0.9234310477774216,0.31,1.32,Neutral,26.470593143332266,20.930006856667738,False,False,neutral
2020-11-11 01:59:59.999,2020-11-10 00:00:00.000,2020-11-10 23:59:59.999,23.62,24.541,23.134,24.536,9893.407,3105,23.8306,0.941911083323792,0.92,3.88,Neutral,26.656333249971375,21.004866750028626,False,False,neutral
2020-11-12 01:59:59.999,2020-11-11 00:00:00.000,2020-11-11 23:59:59.999,24.537,26.531,23.9,24.634,36997.689,8942,23.9701,0.9478412255690318,0.1,0.4,Neutral,26.813623676707095,21.126576323292902,False,False,neutral
2020-11-13 01:59:59.999,2020-11-12 00:00:00.000,2020-11-12 23:59:59.999,24.634,24.634,23.373,23.688,6205.37,2453,24.044900000000002,0.8849451269864681,-0.95,-3.84,Neutral,26.699735380959407,21.390064619040597,False,False,neutral
2020-11-14 01:59:59.999,2020-11-13 00:00:00.000,2020-11-13 23:59:59.999,23.668,24.995,23.5,24.77,6179.589,2322,23.9251,0.6439536646541707,1.08,4.57,Neutral,25.856960993962513,21.993239006037488,False,False,neutral
2020-11-15 01:59:59.999,2020-11-14 00:00:00.000,2020-11-14 23:59:59.999,24.768,24.945,23.75,24.199,2804.394,1226,23.913800000000002,0.6373678163608881,-0.57,-2.31,Neutral,25.825903449082666,22.001696550917337,False,False,neutral
2020-11-16 01:59:59.999,2020-11-15 00:00:00.000,2020-11-15 23:59:59.999,24.183,25.4,23.244,24.052,21460.321,5202,23.9721,0.6185469442342574,-0.15,-0.61,Neutral,25.827740832702773,22.11645916729723,False,False,neutral
2020-11-17 01:59:59.999,2020-11-16 00:00:00.000,2020-11-16 23:59:59.999,24.018,24.944,23.608,24.158,7944.136,2572,23.9784,0.6202562552861017,0.11,0.44,Neutral,25.839168765858307,22.117631234141694,False,False,neutral
2020-11-18 01:59:59.999,2020-11-17 00:00:00.000,2020-11-17 23:59:59.999,24.079,25.569,24.017,24.356,8233.808,3412,24.1324,0.4733695291317658,0.2,0.82,Neutral,25.552508587395298,22.712291412604703,True,False,above
2020-11-19 01:59:59.999,2020-11-18 00:00:00.000,2020-11-18 23:59:59.999,24.353,24.814,22.88,23.789,7595.579,3405,24.1801,0.3998364804647406,-0.57,-2.33,Neutral,25.379609441394223,22.980590558605776,False,True,below
2020-11-20 01:59:59.999,2020-11-19 00:00:00.000,2020-11-19 23:59:59.999,23.79,24.396,23.323,23.531,7179.371,3035,24.1713,0.41426589689793836,-0.26,-1.08,Neutral,25.414097690693815,22.928502309306182,False,False,neutral
2020-11-21 01:59:59.999,2020-11-20 00:00:00.000,2020-11-20 23:59:59.999,23.552,24.1,23.263,23.988,8712.011,3363,24.1165,0.3965277768039675,0.46,1.94,Neutral,25.3060833304119,22.926916669588095,False,False,neutral
2020-11-22 01:59:59.999,2020-11-21 00:00:00.000,2020-11-21 23:59:59.999,23.998,45.465,23.668,27.185,64081.872,19251,24.3716,1.0494567060041589,3.2,13.33,Increase,27.519970118012477,21.223229881987525,True,False,above
2020-11-23 01:59:59.999,2020-11-22 00:00:00.000,2020-11-22 23:59:59.999,27.178,41.547,25.885,32.473,202340.193,54332,25.250100000000003,2.7357709638538816,5.29,19.45,Increase,33.457412891561646,17.042787108438358,True,False,above
2020-11-24 01:59:59.999,2020-11-23 00:00:00.000,2020-11-23 23:59:59.999,32.461,39.32,31.599,34.139,78358.702,23540,26.187,3.9067493734134016,1.67,5.13,Increase,37.907248120240205,14.466751879759796,True,False,above
2020-11-25 01:59:59.999,2020-11-24 00:00:00.000,2020-11-24 23:59:59.999,34.009,34.657,32.101,32.773,30750.535,10384,27.044400000000003,4.338921017948972,-1.37,-4.0,Neutral,40.06116305384692,14.027636946153088,False,False,neutral
2020-11-26 01:59:59.999,2020-11-25 00:00:00.000,2020-11-25 23:59:59.999,32.886,32.909,28.502,29.627,16845.452,6338,27.6019,4.269314580689532,-3.15,-9.6,Decrease,40.409843742068595,14.793956257931406,False,False,neutral
2020-11-27 01:59:59.999,2020-11-26 00:00:00.000,2020-11-26 23:59:59.999,29.414,30.923,25.989,28.003,27281.495,7403,27.986399999999996,4.094243308190906,-1.62,-5.48,Decrease,40.26912992457272,15.703670075427278,False,False,neutral
2020-11-28 01:59:59.999,2020-11-27 00:00:00.000,2020-11-27 23:59:59.999,28.084,28.17,25.945,27.163,11371.398,4031,28.2671,3.9097557880539764,-0.84,-3.0,Neutral,39.99636736416193,16.537832635838072,False,False,neutral
2020-11-29 01:59:59.999,2020-11-28 00:00:00.000,2020-11-28 23:59:59.999,27.221,41.346,27.221,38.3,197683.974,59928,29.718200000000003,4.680034468059136,11.14,41.0,Increase,43.75830340417741,15.678096595822595,False,False,neutral
2020-11-30 01:59:59.999,2020-11-29 00:00:00.000,2020-11-29 23:59:59.999,38.271,40.0,32.959,35.447,72211.847,28941,30.9098,4.440509275096897,-2.85,-7.45,Decrease,44.23132782529069,17.58827217470931,False,False,neutral
2020-12-01 01:59:59.999,2020-11-30 00:00:00.000,2020-11-30 23:59:59.999,35.588,36.661,33.05,33.535,22548.406,9159,31.8645,3.7613375649863086,-1.91,-5.39,Decrease,43.148512694958924,20.580487305041075,False,False,neutral
2020-12-02 01:59:59.999,2020-12-01 00:00:00.000,2020-12-01 23:59:59.999,33.526,34.682,31.084,31.254,19211.345,7104,32.2714,3.4017684355182447,-2.28,-6.8,Decrease,42.476705306554734,22.066094693445265,False,False,neutral
2020-12-03 01:59:59.999,2020-12-02 00:00:00.000,2020-12-02 23:59:59.999,31.296,32.702,30.916,31.67,14981.641,5576,32.1911,3.4059558113528494,0.42,1.33,Neutral,42.408967434058546,21.97323256594145,False,False,neutral
2020-12-04 01:59:59.999,2020-12-03 00:00:00.000,2020-12-03 23:59:59.999,31.67,33.49,31.14,31.38,26906.879,10359,31.9152,3.3417755692976923,-0.29,-0.92,Neutral,41.94052670789308,21.88987329210692,False,False,neutral
2020-12-05 01:59:59.999,2020-12-04 00:00:00.000,2020-12-04 23:59:59.999,31.375,31.897,29.328,29.964,20692.1,7809,31.634300000000003,3.379505027860248,-1.42,-4.51,Neutral,41.772815083580745,21.49578491641926,False,False,neutral
2020-12-06 01:59:59.999,2020-12-05 00:00:00.000,2020-12-05 23:59:59.999,29.99,35.5,27.78,31.35,58813.853,22802,31.806600000000003,3.3089808501509985,1.39,4.63,Neutral,41.733542550452995,21.879657449547008,False,False,neutral
2020-12-07 01:59:59.999,2020-12-06 00:00:00.000,2020-12-06 23:59:59.999,31.261,34.243,30.582,31.181,44232.357,16450,32.1244,3.045182395558857,-0.17,-0.54,Neutral,41.25994718667657,22.988852813323433,False,False,neutral
2020-12-08 01:59:59.999,2020-12-07 00:00:00.000,2020-12-07 23:59:59.999,31.118,31.998,30.211,30.394,14142.615,4728,32.447500000000005,2.5989972532154737,-0.79,-2.52,Neutral,40.24449175964642,24.650508240353584,False,False,neutral
2020-12-09 01:59:59.999,2020-12-08 00:00:00.000,2020-12-08 23:59:59.999,30.379,31.697,27.881,28.409,28678.851,9521,31.4584,1.9168150203453627,-1.98,-6.53,Decrease,37.20884506103609,25.707954938963912,False,False,neutral
2020-12-10 01:59:59.999,2020-12-09 00:00:00.000,2020-12-09 23:59:59.999,28.439,29.494,27.028,28.548,19226.718,7580,30.7685,1.5227714682262146,0.14,0.49,Neutral,35.33681440467864,26.200185595321358,False,False,neutral
2020-12-11 01:59:59.999,2020-12-10 00:00:00.000,2020-12-10 23:59:59.999,28.548,28.548,26.484,26.813,18700.12,6928,30.096300000000003,1.6446352550707428,-1.73,-6.08,Decrease,35.03020576521223,25.162394234787776,False,False,neutral
2020-12-12 01:59:59.999,2020-12-11 00:00:00.000,2020-12-11 23:59:59.999,26.917,30.049,25.197,26.309,44792.465,16935,29.601800000000004,1.9692495919905488,-0.5,-1.88,Neutral,35.50954877597165,23.694051224028357,False,False,neutral
2020-12-13 01:59:59.999,2020-12-12 00:00:00.000,2020-12-12 23:59:59.999,26.345,27.999,26.053,26.505,13811.052,4655,29.0853,2.0425064150584564,0.2,0.74,Neutral,35.21281924517537,22.957780754824633,False,False,neutral
2020-12-14 01:59:59.999,2020-12-13 00:00:00.000,2020-12-13 23:59:59.999,26.452,33.998,26.369,29.179,120128.955,31413,28.865199999999998,1.8798694871953965,2.67,10.09,Increase,34.50480846158619,23.22559153841381,False,False,neutral
2020-12-15 01:59:59.999,2020-12-14 00:00:00.000,2020-12-14 23:59:59.999,29.19,30.234,27.319,28.619,51462.394,16547,28.730700000000002,1.8402153889632522,-0.56,-1.92,Neutral,34.25134616688976,23.210053833110244,False,False,neutral
2020-12-16 01:59:59.999,2020-12-15 00:00:00.000,2020-12-15 23:59:59.999,28.645,28.85,27.0,27.159,28441.375,8853,28.3116,1.6442017448528568,-1.46,-5.1,Decrease,33.24420523455857,23.378994765441426,False,False,neutral
2020-12-17 01:59:59.999,2020-12-16 00:00:00.000,2020-12-16 23:59:59.999,27.088,27.795,26.284,27.167,30992.765,8731,27.910199999999996,1.324807222873269,0.01,0.03,Neutral,31.884621668619804,23.935778331380188,False,False,neutral
2020-12-18 01:59:59.999,2020-12-17 00:00:00.000,2020-12-17 23:59:59.999,27.126,28.281,26.5,27.283,41588.753,11655,27.5991,1.0029020612422015,0.12,0.43,Neutral,30.607806183726606,24.590393816273394,False,False,neutral
2020-12-19 01:59:59.999,2020-12-18 00:00:00.000,2020-12-18 23:59:59.999,27.283,28.5,26.332,27.115,35406.784,10570,27.4697,0.9697241360301464,-0.17,-0.62,Neutral,30.378872408090437,24.560527591909562,False,False,neutral
2020-12-20 01:59:59.999,2020-12-19 00:00:00.000,2020-12-19 23:59:59.999,27.052,31.024,26.561,29.225,77506.922,17988,27.537399999999998,1.071644551352667,2.11,7.78,Increase,30.752333654058,24.322466345941997,True,False,above
2020-12-21 01:59:59.999,2020-12-20 00:00:00.000,2020-12-20 23:59:59.999,29.225,29.226,25.975,27.019,49743.552,15663,27.558,1.0580662655153676,-2.21,-7.55,Decrease,30.732198796546104,24.383801203453896,False,False,neutral
2020-12-22 01:59:59.999,2020-12-21 00:00:00.000,2020-12-21 23:59:59.999,26.952,27.799,25.5,25.509,22038.856,7089,27.477999999999998,1.1855583775867313,-1.51,-5.59,Decrease,31.034675132760192,23.921324867239804,False,False,neutral
2020-12-23 01:59:59.999,2020-12-22 00:00:00.000,2020-12-22 23:59:59.999,25.509,26.5,24.978,25.257,18069.906,5545,27.353199999999998,1.3531978421500004,-0.25,-0.99,Neutral,31.41279352645,23.293606473549996,False,False,neutral
2020-12-24 01:59:59.999,2020-12-23 00:00:00.000,2020-12-23 23:59:59.999,25.247,26.4,22.109,22.123,35753.367,11972,26.6476,1.9867067221911314,-3.13,-12.41,Decrease,32.607720166573394,20.687479833426607,False,False,neutral
2020-12-25 01:59:59.999,2020-12-24 00:00:00.000,2020-12-24 23:59:59.999,22.109,24.88,21.299,23.902,40053.35,9657,26.175900000000002,2.0262149962702747,1.78,8.04,Increase,32.25454498881083,20.097255011189176,False,False,neutral
2020-12-26 01:59:59.999,2020-12-25 00:00:00.000,2020-12-25 23:59:59.999,23.86,24.809,23.064,24.067,15806.03,4988,25.8667,2.0943005223169915,0.16,0.69,Neutral,32.14960156695098,19.583798433049026,False,False,neutral
2020-12-27 01:59:59.999,2020-12-26 00:00:00.000,2020-12-26 23:59:59.999,24.067,25.345,22.0,23.582,28826.369,8600,25.508200000000002,2.153000583165402,-0.48,-2.02,Neutral,31.96720174949621,19.049198250503796,False,False,neutral
2020-12-28 01:59:59.999,2020-12-27 00:00:00.000,2020-12-27 23:59:59.999,23.54,24.36,22.105,23.578,28285.271,9657,25.137700000000002,2.13233721796309,-0.0,-0.02,Neutral,31.53471165388927,18.740688346110733,False,False,neutral
2020-12-29 01:59:59.999,2020-12-28 00:00:00.000,2020-12-28 23:59:59.999,23.485,25.609,23.3,24.031,30314.578,11142,24.8293,2.035401191684474,0.45,1.92,Neutral,30.93550357505342,18.72309642494658,False,False,neutral
2020-12-30 01:59:59.999,2020-12-29 00:00:00.000,2020-12-29 23:59:59.999,23.948,24.362,22.7,23.514,7251.43,3993,24.2582,1.3512136766623841,-0.52,-2.15,Neutral,28.31184102998715,20.204558970012847,False,False,neutral
2020-12-31 01:59:59.999,2020-12-30 00:00:00.000,2020-12-30 23:59:59.999,23.525,23.605,22.941,23.056,7564.423,3672,23.861900000000002,0.9823292557315783,-0.46,-1.95,Neutral,26.808887767194737,20.914912232805268,False,False,neutral
2021-01-01 01:59:59.999,2020-12-31 00:00:00.000,2020-12-31 23:59:59.999,23.002,23.515,22.021,22.394,13302.31,5149,23.5504,0.8917028902296678,-0.66,-2.87,Neutral,26.225508670689003,20.875291329310997,False,False,neutral
2021-01-02 01:59:59.999,2021-01-01 00:00:00.000,2021-01-01 23:59:59.999,22.386,23.9,22.168,22.926,8985.175,3620,23.3173,0.6741448987005297,0.53,2.38,Neutral,25.339734696101587,21.294865303898412,False,False,neutral
2021-01-03 01:59:59.999,2021-01-02 00:00:00.000,2021-01-02 23:59:59.999,22.925,23.187,22.2,22.621,19696.276,9142,23.3671,0.589154092274633,-0.3,-1.33,Neutral,25.1345622768239,21.5996377231761,False,False,neutral
2021-01-04 01:59:59.999,2021-01-03 00:00:00.000,2021-01-03 23:59:59.999,22.63,24.486,22.232,24.098,31820.748,11058,23.386699999999998,0.6117532272988944,1.48,6.53,Increase,25.22195968189668,21.551440318103314,False,False,neutral
2021-01-05 01:59:59.999,2021-01-04 00:00:00.000,2021-01-04 23:59:59.999,24.037,28.5,21.453,27.98,58949.392,20341,23.778,1.580176431780657,3.88,16.11,Increase,28.51852929534197,19.037470704658027,False,False,neutral
2021-01-06 01:59:59.999,2021-01-05 00:00:00.000,2021-01-05 23:59:59.999,27.969,31.817,26.6,28.354,63894.442,21400,24.2552,2.1368923333766556,0.37,1.34,Neutral,30.665877000129967,17.84452299987003,True,False,above
2021-01-07 01:59:59.999,2021-01-06 00:00:00.000,2021-01-06 23:59:59.999,28.354,31.0,27.752,28.696,24935.606,9359,24.767,2.532883556563662,0.34,1.21,Neutral,32.365650669690986,17.168349330309013,False,False,neutral
2021-01-08 01:59:59.999,2021-01-07 00:00:00.000,2021-01-07 23:59:59.999,28.697,30.0,25.826,28.408,23054.217,8507,25.2047,2.7596067372804964,-0.29,-1.0,Neutral,33.48352021184149,16.92587978815851,False,False,neutral
2021-01-09 01:59:59.999,2021-01-08 00:00:00.000,2021-01-08 23:59:59.999,28.277,28.828,26.237,26.545,20618.531,8193,25.5078,2.719438373390013,-1.86,-6.56,Decrease,33.66611512017004,17.34948487982996,False,False,neutral
2021-01-10 01:59:59.999,2021-01-09 00:00:00.000,2021-01-09 23:59:59.999,26.579,29.0,26.286,28.156,24846.543,9249,26.0178,2.6865662843115254,1.61,6.07,Increase,34.07749885293458,17.958101147065424,False,False,neutral
2021-01-11 01:59:59.999,2021-01-10 00:00:00.000,2021-01-10 23:59:59.999,28.156,31.117,27.016,27.566,56230.079,15201,26.535000000000004,2.393249394999627,-0.59,-2.1,Neutral,33.71474818499888,19.35525181500112,False,False,neutral
2021-01-12 01:59:59.999,2021-01-11 00:00:00.000,2021-01-11 23:59:59.999,27.599,27.888,24.714,26.464,46409.774,17232,26.888799999999996,2.0351685597674867,-1.1,-4.0,Neutral,32.99430567930246,20.783294320697536,False,False,neutral
2021-01-13 01:59:59.999,2021-01-12 00:00:00.000,2021-01-12 23:59:59.999,26.523,37.598,26.44,27.095,175576.996,35274,27.3362,1.3785634068355532,0.63,2.38,Neutral,31.471890220506662,23.20050977949334,True,False,above
2021-01-14 01:59:59.999,2021-01-13 00:00:00.000,2021-01-13 23:59:59.999,27.116,30.089,26.0,28.201,32292.316,9818,27.746499999999997,0.794593711695498,1.11,4.08,Neutral,30.13028113508649,25.362718864913504,False,False,neutral
2021-01-15 01:59:59.999,2021-01-14 00:00:00.000,2021-01-14 23:59:59.999,28.202,29.866,27.068,27.703,26608.166,8176,27.718799999999998,0.7903662723344204,-0.5,-1.77,Neutral,30.08989881700326,25.347701182996737,False,False,neutral
2021-01-16 01:59:59.999,2021-01-15 00:00:00.000,2021-01-15 23:59:59.999,27.766,28.964,26.354,27.158,20799.842,6115,27.599199999999996,0.7738852628131434,-0.54,-1.97,Neutral,29.920855788439425,25.277544211560567,False,False,neutral
2021-01-17 01:59:59.999,2021-01-16 00:00:00.000,2021-01-16 23:59:59.999,27.19,29.515,27.002,28.124,29853.213,10878,27.542,0.7015706189206498,0.97,3.56,Neutral,29.64671185676195,25.437288143238053,False,False,neutral
2021-01-18 01:59:59.999,2021-01-17 00:00:00.000,2021-01-17 23:59:59.999,28.099,28.99,26.353,27.75,24295.387,10227,27.4762,0.6394288771147747,-0.37,-1.33,Neutral,29.39448663134432,25.557913368655676,False,False,neutral
2021-01-19 01:59:59.999,2021-01-18 00:00:00.000,2021-01-18 23:59:59.999,27.822,31.0,27.173,30.096,38103.33,11005,27.8313,0.9669586972676647,2.35,8.45,Increase,30.73217609180299,24.930423908197007,True,False,above
2021-01-20 01:59:59.999,2021-01-19 00:00:00.000,2021-01-19 23:59:59.999,30.136,31.125,28.124,28.265,22670.076,7500,27.8422,0.9716286213245957,-1.83,-6.08,Decrease,30.757085863973785,24.92731413602621,True,False,above
2021-01-21 01:59:59.999,2021-01-20 00:00:00.000,2021-01-20 23:59:59.999,28.22,29.448,27.0,28.62,15706.116,4380,27.9476,0.9952193728014703,0.36,1.26,Neutral,30.933258118404414,24.96194188159559,False,False,neutral
2021-01-22 01:59:59.999,2021-01-21 00:00:00.000,2021-01-21 23:59:59.999,28.648,28.774,26.0,26.216,16428.073,6119,27.922800000000002,1.03844828684138,-2.4,-8.4,Decrease,31.03814486052414,24.807455139475863,False,False,neutral
2021-01-23 01:59:59.999,2021-01-22 00:00:00.000,2021-01-22 23:59:59.999,26.178,27.669,25.319,26.875,22396.282,9087,27.900800000000004,1.0600401250264162,0.66,2.51,Neutral,31.080920375079252,24.720679624920756,False,False,neutral
2021-01-24 01:59:59.999,2021-01-23 00:00:00.000,2021-01-23 23:59:59.999,26.951,28.952,26.56,28.012,18273.191,7771,27.8819,1.055769277193659,1.14,4.23,Neutral,31.04920783158098,24.714592168419024,False,False,neutral
2021-01-25 01:59:59.999,2021-01-24 00:00:00.000,2021-01-24 23:59:59.999,28.091,29.89,27.012,27.428,22606.505,7828,27.854400000000005,1.0644923881568156,-0.58,-2.08,Neutral,31.047877164470453,24.660922835529558,False,False,neutral
2021-01-26 01:59:59.999,2021-01-25 00:00:00.000,2021-01-25 23:59:59.999,27.543,27.985,26.529,26.831,22447.404,6746,27.8217,1.092905307476576,-0.6,-2.18,Neutral,31.10041592242973,24.54298407757027,False,False,neutral
2021-01-27 01:59:59.999,2021-01-26 00:00:00.000,2021-01-26 23:59:59.999,26.835,27.334,25.406,27.0,16518.953,6009,27.709300000000002,1.1159174650879218,0.17,0.63,Neutral,31.057052395263767,24.361547604736238,False,False,neutral
2021-01-28 01:59:59.999,2021-01-27 00:00:00.000,2021-01-27 23:59:59.999,26.999,27.193,25.011,25.545,11900.635,4376,27.488800000000005,1.308255054982882,-1.45,-5.39,Decrease,31.41356516494865,23.56403483505136,False,False,neutral
2021-01-29 01:59:59.999,2021-01-28 00:00:00.000,2021-01-28 23:59:59.999,25.545,27.39,25.0,26.396,19246.293,5766,27.1188,0.9679016019774448,0.85,3.33,Neutral,30.022504805932336,24.215095194067665,False,False,neutral
2021-01-30 01:59:59.999,2021-01-29 00:00:00.000,2021-01-29 23:59:59.999,26.33,27.212,25.8,26.175,19634.64,7667,26.9098,0.9172225950598315,-0.22,-0.84,Neutral,29.661467785179497,24.158132214820505,False,False,neutral
2021-01-31 01:59:59.999,2021-01-30 00:00:00.000,2021-01-30 23:59:59.999,26.209,26.98,25.746,26.412,10711.347,4454,26.689,0.6997753607801357,0.24,0.91,Neutral,28.788326082340408,24.589673917659592,False,False,neutral
2021-02-01 01:59:59.999,2021-01-31 00:00:00.000,2021-01-31 23:59:59.999,26.449,28.19,26.2,26.933,48264.424,14781,26.760700000000003,0.6824439822346587,0.52,1.97,Neutral,28.80803194670398,24.713368053296026,False,False,neutral
2021-02-02 01:59:59.999,2021-02-01 00:00:00.000,2021-02-01 23:59:59.999,26.996,28.218,26.306,27.989,31048.299,9963,26.8721,0.7862092526091856,1.06,3.92,Neutral,29.230727757827555,24.513472242172444,False,False,neutral
2021-02-03 01:59:59.999,2021-02-02 00:00:00.000,2021-02-02 23:59:59.999,27.958,28.229,26.765,27.523,37929.613,13795,26.823200000000003,0.7198388399877871,-0.47,-1.66,Neutral,28.982716519963365,24.663683480036642,False,False,neutral
2021-02-04 01:59:59.999,2021-02-03 00:00:00.000,2021-02-03 23:59:59.999,27.56,30.0,26.98,29.862,55199.35,16810,27.0666,1.1990551094736845,2.34,8.5,Increase,30.663765328421054,23.46943467157895,False,False,neutral
2021-02-05 01:59:59.999,2021-02-04 00:00:00.000,2021-02-04 23:59:59.999,29.707,38.0,28.549,32.499,245767.805,56555,27.6334,2.08652923935085,2.64,8.83,Increase,33.89298771805255,21.37381228194745,True,False,above
2021-02-06 01:59:59.999,2021-02-05 00:00:00.000,2021-02-05 23:59:59.999,32.542,36.382,32.256,34.863,115558.009,35055,28.4197,3.070752388801915,2.36,7.27,Increase,37.63195716640574,19.207442833594254,False,False,neutral
2021-02-07 01:59:59.999,2021-02-06 00:00:00.000,2021-02-06 23:59:59.999,34.862,35.944,31.413,32.852,70683.389,18378,29.150399999999998,3.1781867716600383,-2.01,-5.77,Decrease,38.68496031498012,19.615839685019882,False,False,neutral
2021-02-08 01:59:59.999,2021-02-07 00:00:00.000,2021-02-07 23:59:59.999,32.786,40.183,32.635,34.442,111416.025,34206,29.955000000000002,3.4131826138598007,1.59,4.84,Neutral,40.19454784157941,19.7154521584206,False,False,neutral
2021-02-09 01:59:59.999,2021-02-08 00:00:00.000,2021-02-08 23:59:59.999,34.52,37.281,33.954,35.216,76449.052,20538,30.8591,3.4970478486224326,0.77,2.25,Neutral,41.3502435458673,20.367956454132703,False,False,neutral
2021-02-10 01:59:59.999,2021-02-09 00:00:00.000,2021-02-09 23:59:59.999,35.226,39.0,35.04,37.979,95260.238,26889,32.0158,3.765351121298762,2.76,7.85,Increase,43.31185336389628,20.719746636103714,False,False,neutral
2021-02-11 01:59:59.999,2021-02-10 00:00:00.000,2021-02-10 23:59:59.999,37.996,49.5,34.0,42.201,318463.427,61626,33.5426,4.499297258708446,4.22,11.12,Increase,47.040491776125336,20.04470822387466,True,False,above
2021-02-12 01:59:59.999,2021-02-11 00:00:00.000,2021-02-11 23:59:59.999,42.272,46.351,39.971,42.612,114672.568,36859,35.0049,4.855940381521167,0.41,0.97,Neutral,49.5727211445635,20.437078855436496,False,False,neutral
2021-02-13 01:59:59.999,2021-02-12 00:00:00.000,2021-02-12 23:59:59.999,42.613,45.68,40.601,43.462,83987.454,26321,36.5988,4.741775963590842,0.85,1.99,Neutral,50.82412789077252,22.37347210922747,False,False,neutral
2021-02-14 01:59:59.999,2021-02-13 00:00:00.000,2021-02-13 23:59:59.999,43.449,54.1,43.271,48.716,229090.675,55394,38.4842,5.459494111687861,5.25,12.09,Increase,54.86268233506358,22.105717664936417,False,False,neutral
2021-02-15 01:59:59.999,2021-02-14 00:00:00.000,2021-02-14 23:59:59.999,48.774,50.365,41.23,44.079,97993.103,29852,39.642199999999995,5.2738791500078674,-4.64,-9.52,Decrease,55.4638374500236,23.820562549976394,False,False,neutral
2021-02-16 01:59:59.999,2021-02-15 00:00:00.000,2021-02-15 23:59:59.999,44.051,45.964,35.439,41.22,103559.154,30917,40.2779,5.010342269302002,-2.86,-6.49,Decrease,55.308926807906005,25.246873192093997,False,False,neutral
2021-02-17 01:59:59.999,2021-02-16 00:00:00.000,2021-02-16 23:59:59.999,41.21,52.99,40.081,42.91,234401.853,56434,41.283699999999996,4.315339436887239,1.69,4.1,Neutral,54.22971831066171,28.33768168933828,False,False,neutral
2021-02-18 01:59:59.999,2021-02-17 00:00:00.000,2021-02-17 23:59:59.999,43.063,43.405,40.0,42.622,54394.596,15957,42.1017,3.588412494869006,-0.29,-0.67,Neutral,52.86693748460702,31.33646251539298,False,False,neutral
2021-02-19 01:59:59.999,2021-02-18 00:00:00.000,2021-02-18 23:59:59.999,42.668,45.0,41.519,41.805,68363.334,19979,42.7606,2.671329515012406,-0.82,-1.92,Neutral,50.77458854503722,34.746611454962775,False,False,neutral
2021-02-20 01:59:59.999,2021-02-19 00:00:00.000,2021-02-19 23:59:59.999,41.913,42.796,40.4,41.529,63685.077,17760,43.1156,2.1503721228348556,-0.28,-0.66,Neutral,49.566716368504565,36.664483631495436,False,False,neutral
2021-02-21 01:59:59.999,2021-02-20 00:00:00.000,2021-02-20 23:59:59.999,41.581,43.633,35.8,39.996,67810.43,19604,42.8951,2.357637963442499,-1.53,-3.69,Neutral,49.9680138903275,35.8221861096725,False,True,below
2021-02-22 01:59:59.999,2021-02-21 00:00:00.000,2021-02-21 23:59:59.999,39.996,41.542,38.549,40.648,38821.474,12384,42.6987,2.4632790724738296,0.65,1.63,Neutral,50.08853721742149,35.308862782578515,False,False,neutral
2021-02-23 01:59:59.999,2021-02-22 00:00:00.000,2021-02-22 23:59:59.999,40.65,51.89,33.37,44.301,246864.764,55735,42.782599999999995,2.506082387578662,3.65,8.99,Increase,50.300847162735984,35.264352837264006,True,True,above
2021-02-24 01:59:59.999,2021-02-23 00:00:00.000,2021-02-23 23:59:59.999,44.494,46.094,31.8,36.941,196795.399,43797,41.60510000000001,2.149367682210759,-7.36,-16.61,Decrease,48.053203046632284,35.15699695336773,False,True,below
2021-02-25 01:59:59.999,2021-02-24 00:00:00.000,2021-02-24 23:59:59.999,36.943,41.0,36.0,38.353,62526.641,19094,41.032500000000006,2.179584529726017,1.41,3.82,Neutral,47.571253589178056,34.493746410821956,False,False,neutral
2021-02-26 01:59:59.999,2021-02-25 00:00:00.000,2021-02-25 23:59:59.999,38.357,39.78,34.643,36.571,38315.256,11251,40.5676,2.591949167882674,-1.78,-4.65,Neutral,48.34344750364802,32.791752496351975,False,False,neutral
2021-02-27 01:59:59.999,2021-02-26 00:00:00.000,2021-02-26 23:59:59.999,36.516,42.592,32.1,39.612,132588.427,27003,40.23780000000001,2.467622733635428,3.04,8.32,Increase,47.64066820090629,32.834931799093724,False,True,below
2021-02-28 01:59:59.999,2021-02-27 00:00:00.000,2021-02-27 23:59:59.999,39.609,47.923,38.116,40.442,152313.173,35625,40.019800000000004,2.325809431382966,0.83,2.1,Neutral,46.9972282941489,33.04237170585111,True,False,above
2021-03-01 01:59:59.999,2021-02-28 00:00:00.000,2021-02-28 23:59:59.999,40.329,42.999,36.601,39.473,53159.55,13042,39.7866,2.242338422272353,-0.97,-2.4,Neutral,46.513615266817055,33.059584733182945,False,False,neutral
2021-03-02 01:59:59.999,2021-03-01 00:00:00.000,2021-03-01 23:59:59.999,39.4,44.2,39.178,41.786,55523.499,15084,39.81230000000001,2.2658766294745307,2.31,5.86,Increase,46.6099298884236,33.014670111576415,False,False,neutral
2021-03-03 01:59:59.999,2021-03-02 00:00:00.000,2021-03-02 23:59:59.999,41.821,42.665,38.645,40.416,50396.516,12490,39.8543,2.2735395825303306,-1.37,-3.28,Neutral,46.67491874759099,33.03368125240901,False,False,neutral
2021-03-04 01:59:59.999,2021-03-03 00:00:00.000,2021-03-03 23:59:59.999,40.582,45.0,40.217,42.643,100333.504,21950,40.0538,2.4328704034532627,2.23,5.51,Increase,47.35241121035979,32.755188789640215,False,False,neutral
2021-03-05 01:59:59.999,2021-03-04 00:00:00.000,2021-03-04 23:59:59.999,42.935,43.64,38.5,39.049,49673.979,11148,39.5286,1.9287961242411735,-3.59,-8.43,Decrease,45.31498837272352,33.742211627276475,False,False,neutral
2021-03-06 01:59:59.999,2021-03-05 00:00:00.000,2021-03-05 23:59:59.999,39.1,40.21,37.343,39.606,23442.99,7093,39.795100000000005,1.7023638761044972,0.56,1.43,Neutral,44.902191628313496,34.688008371686514,False,False,neutral
2021-03-07 01:59:59.999,2021-03-06 00:00:00.000,2021-03-06 23:59:59.999,39.454,40.0,37.73,39.077,16576.208,5105,39.86749999999999,1.648769996087646,-0.53,-1.34,Neutral,44.81380998826293,34.92119001173705,False,False,neutral
2021-03-08 01:59:59.999,2021-03-07 00:00:00.000,2021-03-07 23:59:59.999,39.198,41.327,38.963,39.42,25991.392,7321,40.1524,1.2012792440648634,0.34,0.88,Neutral,43.75623773219459,36.54856226780541,False,False,neutral
2021-03-09 01:59:59.999,2021-03-08 00:00:00.000,2021-03-08 23:59:59.999,39.591,42.117,38.522,41.333,47456.528,14438,40.3245,1.2379753408058076,1.91,4.85,Neutral,44.038426022417426,36.610573977582575,False,False,neutral
2021-03-10 01:59:59.999,2021-03-09 00:00:00.000,2021-03-09 23:59:59.999,41.412,43.096,40.212,41.759,58781.647,18757,40.4562,1.3192498541885753,0.43,1.03,Neutral,44.413949562565726,36.49845043743428,False,False,neutral
2021-03-11 01:59:59.999,2021-03-10 00:00:00.000,2021-03-10 23:59:59.999,41.759,44.798,39.481,40.434,94349.666,26627,40.5523,1.2738934239387323,-1.33,-3.17,Neutral,44.3739802718162,36.730619728183804,True,False,above
2021-03-12 01:59:59.999,2021-03-11 00:00:00.000,2021-03-11 23:59:59.999,40.426,46.603,39.568,44.09,163291.539,45822,40.7827,1.6689219441167198,3.66,9.04,Increase,45.78946583235016,35.77593416764984,True,False,above
2021-03-13 01:59:59.999,2021-03-12 00:00:00.000,2021-03-12 23:59:59.999,44.091,44.68,39.403,41.076,83491.807,22589,40.8487,1.6658564730755347,-3.01,-6.84,Decrease,45.8462694192266,35.8511305807734,False,False,neutral
2021-03-14 01:59:59.999,2021-03-13 00:00:00.000,2021-03-13 23:59:59.999,40.957,45.0,40.12,42.838,70757.758,20708,40.8682,1.6901577704130637,1.76,4.29,Neutral,45.93867331123919,35.79772668876081,False,False,neutral
2021-03-15 01:59:59.999,2021-03-14 00:00:00.000,2021-03-14 23:59:59.999,42.838,44.718,41.518,41.653,64708.897,21806,41.1286,1.5754378721129048,-1.19,-2.77,Neutral,45.85491361633871,36.402286383661284,False,False,neutral
2021-03-16 01:59:59.999,2021-03-15 00:00:00.000,2021-03-15 23:59:59.999,41.555,46.821,39.8,43.613,97438.813,31209,41.52929999999999,1.6528214294885262,1.96,4.71,Neutral,46.48776428846557,36.570835711534414,True,False,above
2021-03-17 01:59:59.999,2021-03-16 00:00:00.000,2021-03-16 23:59:59.999,43.433,51.0,41.366,44.97,154309.921,46760,42.1186,1.7300695040626428,1.36,3.11,Neutral,47.30880851218793,36.92839148781207,True,False,above
2021-03-18 01:59:59.999,2021-03-17 00:00:00.000,2021-03-17 23:59:59.999,44.968,50.0,44.0,47.825,91217.657,29444,42.9591,2.2399013098296066,2.86,6.35,Increase,49.67880392948882,36.23939607051118,True,False,above
2021-03-19 01:59:59.999,2021-03-18 00:00:00.000,2021-03-18 23:59:59.999,47.762,67.479,47.762,59.3,428386.16,112393,44.7558,5.550314541637219,11.47,23.99,Increase,61.406743624911655,28.104856375088346,True,False,above
2021-03-20 01:59:59.999,2021-03-19 00:00:00.000,2021-03-19 23:59:59.999,59.259,59.723,50.585,54.219,161778.539,52051,46.001799999999996,6.1671180699648716,-5.08,-8.57,Decrease,64.5031542098946,27.50044579010538,False,False,neutral
2021-03-21 01:59:59.999,2021-03-20 00:00:00.000,2021-03-20 23:59:59.999,54.216,55.999,51.401,51.401,75838.165,23271,47.0985,6.040820055625122,-2.82,-5.2,Decrease,65.22096016687537,28.976039833124634,False,False,neutral
2021-03-22 01:59:59.999,2021-03-21 00:00:00.000,2021-03-21 23:59:59.999,51.64,52.876,48.256,50.068,43107.558,15844,47.696299999999994,6.005708137541447,-1.33,-2.59,Neutral,65.71342441262433,29.679175587375653,False,False,neutral
2021-03-23 01:59:59.999,2021-03-22 00:00:00.000,2021-03-22 23:59:59.999,49.976,52.213,46.1,46.695,43405.337,14736,48.2582,5.564108050712007,-3.37,-6.74,Decrease,64.95052415213603,31.565875847863982,False,False,neutral
2021-03-24 01:59:59.999,2021-03-23 00:00:00.000,2021-03-23 23:59:59.999,46.695,48.953,44.7,45.403,29814.162,9639,48.5147,5.341133484570308,-1.29,-2.77,Neutral,64.53810045371092,32.49129954628907,False,False,neutral
2021-03-25 01:59:59.999,2021-03-24 00:00:00.000,2021-03-24 23:59:59.999,45.44,48.696,41.7,42.874,41029.881,11495,48.63680000000001,5.178318555927667,-2.53,-5.57,Decrease,64.171755667783,33.101844332217006,False,False,neutral
2021-03-26 01:59:59.999,2021-03-25 00:00:00.000,2021-03-25 23:59:59.999,42.698,43.351,38.745,38.934,41520.727,10247,48.1689,5.850463465971294,-3.94,-9.19,Decrease,65.72029039791389,30.61750960208612,False,False,neutral
2021-03-27 01:59:59.999,2021-03-26 00:00:00.000,2021-03-26 23:59:59.999,39.11,47.05,38.88,46.827,45073.019,12489,48.3546,5.766514394906582,7.89,20.27,Increase,65.65414318471974,31.055056815280253,False,False,neutral
2021-03-28 01:59:59.999,2021-03-27 00:00:00.000,2021-03-27 23:59:59.999,46.828,47.05,43.474,43.864,45057.915,12642,47.9585,5.940354034529739,-2.96,-6.33,Decrease,65.77956210358921,30.137437896410784,False,False,neutral
2021-03-29 02:59:59.999,2021-03-28 00:00:00.000,2021-03-28 23:59:59.999,43.865,47.16,43.538,45.811,50329.768,12393,46.6096,4.414333678169392,1.95,4.44,Neutral,59.852601034508176,33.366598965491825,False,False,neutral
2021-03-30 02:59:59.999,2021-03-29 00:00:00.000,2021-03-29 23:59:59.999,45.873,49.108,44.942,48.318,43522.916,12396,46.0195,3.6041728670464575,2.51,5.47,Increase,56.832018601139374,35.20698139886063,False,False,neutral
2021-03-31 02:59:59.999,2021-03-30 00:00:00.000,2021-03-30 23:59:59.999,48.395,56.324,47.432,52.812,77718.688,21665,46.1606,3.8570135309298683,4.49,9.3,Increase,57.7316405927896,34.5895594072104,False,False,neutral
2021-04-01 02:59:59.999,2021-03-31 00:00:00.000,2021-03-31 23:59:59.999,52.773,54.482,49.459,52.339,54870.479,15154,46.3877,4.167041157837226,-0.47,-0.9,Neutral,58.88882347351168,33.88657652648833,False,False,neutral
2021-04-02 02:59:59.999,2021-04-01 00:00:00.000,2021-04-01 23:59:59.999,52.281,57.899,51.804,53.894,55925.509,18451,47.107600000000005,4.799833728601491,1.55,2.97,Neutral,61.50710118580447,32.70809881419554,False,False,neutral
2021-04-03 02:59:59.999,2021-04-02 00:00:00.000,2021-04-02 23:59:59.999,53.896,56.5,53.075,54.335,35030.954,12082,48.0008,5.256712339687273,0.44,0.82,Neutral,63.77093701906182,32.23066298093818,False,False,neutral
2021-04-04 02:59:59.999,2021-04-03 00:00:00.000,2021-04-03 23:59:59.999,54.227,54.7,49.952,50.253,38168.557,12308,48.7387,4.967008758912079,-4.08,-7.51,Decrease,63.63972627673624,33.83767372326376,False,False,neutral
2021-04-05 02:59:59.999,2021-04-04 00:00:00.000,2021-04-04 23:59:59.999,50.234,75.987,49.431,66.022,290024.171,79842,51.447500000000005,6.2471764866660875,15.77,31.38,Increase,70.18902945999827,32.70597054000174,True,False,above
2021-04-06 02:59:59.999,2021-04-05 00:00:00.000,2021-04-05 23:59:59.999,66.169,78.549,63.925,67.878,250053.763,84182,53.5526,7.856651650388577,1.86,2.81,Neutral,77.12255495116572,29.982645048834268,True,False,above
2021-04-07 02:59:59.999,2021-04-06 00:00:00.000,2021-04-06 23:59:59.999,67.883,73.988,66.5,69.1,76940.457,26916,56.07620000000001,8.430828900858646,1.22,1.8,Neutral,81.36868670257594,30.783713297424068,False,False,neutral
2021-04-08 02:59:59.999,2021-04-07 00:00:00.000,2021-04-07 23:59:59.999,69.159,73.899,62.5,63.03,71511.725,22329,57.7981,7.838944734110721,-6.07,-8.78,Decrease,81.31493420233215,34.281265797667835,False,False,neutral
2021-04-09 02:59:59.999,2021-04-08 00:00:00.000,2021-04-08 23:59:59.999,63.208,76.0,62.706,72.654,73267.929,23361,60.231700000000004,8.330952127124611,9.62,15.27,Increase,85.22455638137384,35.23884361862617,False,False,neutral
2021-04-10 02:59:59.999,2021-04-09 00:00:00.000,2021-04-09 23:59:59.999,72.53,82.1,70.278,76.678,125060.693,43368,62.6183,9.32805273296021,4.02,5.54,Increase,90.60245819888063,34.63414180111937,False,False,neutral
2021-04-11 02:59:59.999,2021-04-10 00:00:00.000,2021-04-10 23:59:59.999,76.665,78.179,71.955,72.25,54846.97,19884,64.60940000000001,9.009710529324439,-4.43,-5.77,Decrease,91.63853158797332,37.58026841202669,False,False,neutral
2021-04-12 02:59:59.999,2021-04-11 00:00:00.000,2021-04-11 23:59:59.999,72.288,74.343,68.916,72.56,54312.767,21218,66.476,8.459867624391032,0.31,0.43,Neutral,91.8556028731731,41.0963971268269,False,False,neutral
2021-04-13 02:59:59.999,2021-04-12 00:00:00.000,2021-04-12 23:59:59.999,72.719,78.96,72.144,75.696,57328.199,24766,68.6121,7.717941067552888,3.14,4.32,Neutral,91.76592320265866,45.458276797341334,False,False,neutral
2021-04-14 02:59:59.999,2021-04-13 00:00:00.000,2021-04-13 23:59:59.999,75.656,76.565,70.417,72.955,47382.858,17966,70.8823,4.299427301655336,-2.74,-3.62,Neutral,83.78058190496601,57.98401809503399,False,False,neutral
2021-04-15 02:59:59.999,2021-04-14 00:00:00.000,2021-04-14 23:59:59.999,73.06,75.06,69.356,72.009,30267.256,13657,71.48100000000001,3.9500801117048137,-0.95,-1.3,Neutral,83.33124033511444,59.63075966488557,False,False,neutral
2021-04-16 02:59:59.999,2021-04-15 00:00:00.000,2021-04-15 23:59:59.999,71.99,77.0,71.143,74.788,35216.708,17596,72.172,3.852964601734512,2.78,3.86,Neutral,83.73089380520354,60.61310619479646,False,False,neutral
2021-04-17 02:59:59.999,2021-04-16 00:00:00.000,2021-04-16 23:59:59.999,74.783,76.24,71.402,74.211,42867.761,17597,72.6831,3.7374401652582754,-0.58,-0.77,Neutral,83.89542049577483,61.47077950422517,False,False,neutral
2021-04-18 02:59:59.999,2021-04-17 00:00:00.000,2021-04-17 23:59:59.999,74.251,92.75,73.5,88.799,168198.434,61806,75.26,5.00945647972102,14.59,19.66,Increase,90.28836943916306,60.23163056083695,True,False,above
2021-04-19 02:59:59.999,2021-04-18 00:00:00.000,2021-04-18 23:59:59.999,88.624,88.761,65.99,73.383,153127.292,42610,75.3329,4.972486935349243,-15.42,-17.36,Decrease,90.25036080604772,60.41543919395227,False,False,neutral
2021-04-20 02:59:59.999,2021-04-19 00:00:00.000,2021-04-19 23:59:59.999,73.465,85.0,69.0,84.579,99919.179,36344,76.123,5.773205618294544,11.2,15.26,Increase,93.44261685488364,58.80338314511637,False,False,neutral
2021-04-21 02:59:59.999,2021-04-20 00:00:00.000,2021-04-20 23:59:59.999,84.904,86.859,70.284,78.52,131838.178,44318,76.75,5.644892657182033,-6.06,-7.16,Decrease,93.6846779715461,59.815322028453906,False,False,neutral
2021-04-22 02:59:59.999,2021-04-21 00:00:00.000,2021-04-21 23:59:59.999,78.409,79.203,70.502,70.53,47781.589,17131,76.547,5.845259503791358,-7.99,-10.18,Decrease,94.08277851137407,59.01122148862592,False,False,neutral
2021-04-23 02:59:59.999,2021-04-22 00:00:00.000,2021-04-22 23:59:59.999,70.686,75.49,64.18,66.0,49427.123,16630,75.5774,6.738094804913078,-4.53,-6.42,Decrease,95.79168441473922,55.363115585260765,False,False,neutral
2021-04-24 02:59:59.999,2021-04-23 00:00:00.000,2021-04-23 23:59:59.999,66.075,67.059,56.228,62.509,59936.064,17150,74.5328,7.899447938516339,-3.49,-5.29,Decrease,98.23114381554902,50.83445618445098,False,False,neutral
2021-04-25 02:59:59.999,2021-04-24 00:00:00.000,2021-04-24 23:59:59.999,62.735,64.662,57.3,57.555,29992.159,10214,73.08739999999999,9.560310399423765,-4.95,-7.93,Decrease,101.76833119827128,44.40646880172869,False,False,neutral
2021-04-26 02:59:59.999,2021-04-25 00:00:00.000,2021-04-25 23:59:59.999,57.638,62.796,52.845,55.363,42581.687,14336,71.1449,11.035926517515286,-2.19,-3.81,Neutral,104.25267955254586,38.03712044745415,False,False,neutral
2021-04-27 02:59:59.999,2021-04-26 00:00:00.000,2021-04-26 23:59:59.999,55.317,64.73,55.308,63.923,34221.33,15002,70.1161,11.196704092921346,8.56,15.46,Increase,103.70621227876404,36.525987721235964,False,False,neutral
2021-04-28 02:59:59.999,2021-04-27 00:00:00.000,2021-04-27 23:59:59.999,63.733,69.316,63.072,67.402,32759.244,15381,67.97639999999998,9.072718987283777,3.48,5.44,Increase,95.1945569618513,40.758243038148656,False,False,neutral
2021-04-29 02:59:59.999,2021-04-28 00:00:00.000,2021-04-28 23:59:59.999,67.497,69.15,62.347,65.688,32815.257,14135,67.2069,8.887645713135715,-1.71,-2.54,Neutral,93.86983713940715,40.543962860592856,False,False,neutral
2021-04-30 02:59:59.999,2021-04-29 00:00:00.000,2021-04-29 23:59:59.999,65.688,66.683,61.233,64.345,37174.67,14477,65.1835,6.466764213181623,-1.34,-2.04,Neutral,84.58379263954487,45.78320736045512,False,False,neutral
2021-05-01 02:59:59.999,2021-04-30 00:00:00.000,2021-04-30 23:59:59.999,64.197,71.5,63.497,69.677,68622.105,24883,64.2992,4.840578473235745,5.33,8.29,Increase,78.82093541970724,49.777464580292765,False,False,neutral
2021-05-02 02:59:59.999,2021-05-01 00:00:00.000,2021-05-01 23:59:59.999,69.523,72.409,66.751,68.649,47481.815,20541,64.1111,4.602232247024623,-1.03,-1.48,Neutral,77.91779674107386,50.30440325892613,False,False,neutral
2021-05-03 02:59:59.999,2021-05-02 00:00:00.000,2021-05-02 23:59:59.999,68.578,68.69,65.1,66.361,27073.677,11232,64.1472,4.620076353385177,-2.29,-3.33,Neutral,78.00742906015553,50.286970939844466,False,False,neutral
2021-05-04 02:59:59.999,2021-05-03 00:00:00.000,2021-05-03 23:59:59.999,66.198,78.464,65.31,71.889,103410.069,43017,65.0852,5.169991162682961,5.53,8.33,Increase,80.59517348804889,49.575226511951115,False,False,neutral
2021-05-05 02:59:59.999,2021-05-04 00:00:00.000,2021-05-04 23:59:59.999,71.905,72.6,65.145,65.203,59621.637,22969,65.85,4.447471841144744,-6.69,-9.3,Decrease,79.19241552343422,52.50758447656576,False,False,neutral
2021-05-06 02:59:59.999,2021-05-05 00:00:00.000,2021-05-05 23:59:59.999,65.186,69.8,63.259,68.341,108911.106,39943,67.14779999999999,2.5255387896002217,3.14,4.81,Neutral,74.72441636880066,59.571183631199325,False,False,neutral
2021-05-07 02:59:59.999,2021-05-06 00:00:00.000,2021-05-06 23:59:59.999,68.378,71.992,66.991,68.766,61901.374,27128,67.63210000000001,2.29198814472351,0.43,0.62,Neutral,74.50806443417054,60.75613556582948,False,False,neutral
2021-05-08 02:59:59.999,2021-05-07 00:00:00.000,2021-05-07 23:59:59.999,68.768,70.922,65.7,68.099,36054.755,16833,67.7018,2.2948094958448695,-0.67,-0.97,Neutral,74.58622848753461,60.8173715124654,False,False,neutral
2021-05-09 02:59:59.999,2021-05-08 00:00:00.000,2021-05-08 23:59:59.999,68.099,69.58,65.599,66.01,43271.588,15043,67.734,2.2654845937330945,-2.09,-3.07,Neutral,74.53045378119928,60.93754621880071,False,False,neutral
2021-05-10 02:59:59.999,2021-05-09 00:00:00.000,2021-05-09 23:59:59.999,66.01,67.191,63.848,66.971,21225.236,10463,67.99660000000002,1.9606984129804919,0.96,1.46,Neutral,73.87869523894149,62.11450476105854,False,False,neutral
2021-05-11 02:59:59.999,2021-05-10 00:00:00.000,2021-05-10 23:59:59.999,67.113,68.172,59.0,59.715,47194.87,15403,67.0004,3.1699290984005364,-7.26,-10.83,Decrease,76.5101872952016,57.490612704798394,False,False,neutral
2021-05-12 02:59:59.999,2021-05-11 00:00:00.000,2021-05-11 23:59:59.999,59.743,66.145,57.047,65.37,41400.474,16641,66.6725,3.1499769399504767,5.66,9.47,Increase,76.12243081985143,57.22256918014857,False,True,below
2021-05-13 02:59:59.999,2021-05-12 00:00:00.000,2021-05-12 23:59:59.999,65.37,72.89,57.942,58.288,105734.844,32214,65.8652,4.122925978261041,-7.08,-10.83,Decrease,78.23397793478313,53.496422065216876,False,False,neutral
2021-05-14 02:59:59.999,2021-05-13 00:00:00.000,2021-05-13 23:59:59.999,58.188,61.658,53.346,55.769,53552.623,18319,64.2532,4.626593606531429,-2.52,-4.32,Neutral,78.1329808195943,50.37341918040572,False,False,neutral
2021-05-15 02:59:59.999,2021-05-14 00:00:00.000,2021-05-14 23:59:59.999,55.825,61.0,55.496,58.267,23317.703,10001,63.5596,4.975160258725087,2.5,4.48,Neutral,78.48508077617527,48.63411922382474,False,False,neutral
2021-05-16 02:59:59.999,2021-05-15 00:00:00.000,2021-05-15 23:59:59.999,58.399,58.768,54.127,54.381,19160.229,8535,62.16360000000001,5.422860339955669,-3.89,-6.67,Decrease,78.43218101986702,45.895018980133,False,False,neutral
2021-05-17 02:59:59.999,2021-05-16 00:00:00.000,2021-05-16 23:59:59.999,54.288,97.7,54.183,76.2,1904697.699,372674,62.907,6.770599284159721,21.82,40.12,Increase,83.21879785247916,42.59520214752084,True,False,above
2021-05-18 02:59:59.999,2021-05-17 00:00:00.000,2021-05-17 23:59:59.999,76.047,88.998,63.01,66.793,887161.016,253454,62.77640000000001,6.671187637061812,-9.41,-12.35,Decrease,82.78996291118544,42.76283708881458,True,False,above
2021-05-19 02:59:59.999,2021-05-18 00:00:00.000,2021-05-18 23:59:59.999,66.798,72.891,60.0,61.958,239173.27,72544,62.37120000000001,6.575327956332733,-4.84,-7.24,Decrease,82.0971838689982,42.64521613100181,False,False,neutral
2021-05-20 02:59:59.999,2021-05-19 00:00:00.000,2021-05-19 23:59:59.999,61.837,62.633,38.0,40.511,169051.812,40309,59.725199999999994,9.284464105877664,-21.45,-34.62,Decrease,87.57859231763298,31.871807682367002,False,False,neutral
2021-05-21 02:59:59.999,2021-05-20 00:00:00.000,2021-05-20 23:59:59.999,40.554,51.1,36.649,48.635,88822.813,20631,58.617200000000004,9.924869188054691,8.12,20.05,Increase,88.39180756416408,28.842592435835932,False,False,neutral
2021-05-22 02:59:59.999,2021-05-21 00:00:00.000,2021-05-21 23:59:59.999,48.576,52.874,37.5,40.392,87974.333,19960,56.119400000000006,11.109029432553085,-8.24,-16.95,Decrease,89.44648829765926,22.792311702340754,False,False,neutral
2021-05-23 02:59:59.999,2021-05-22 00:00:00.000,2021-05-22 23:59:59.999,40.435,41.228,35.204,37.914,63726.117,13241,54.08200000000001,12.453997974769102,-2.48,-6.13,Decrease,91.4439939243073,16.7200060756927,False,False,neutral
2021-05-24 02:59:59.999,2021-05-23 00:00:00.000,2021-05-23 23:59:59.999,37.93,43.559,27.969,34.332,212839.132,48343,51.938300000000005,13.893166282184986,-3.58,-9.45,Decrease,93.61779884655496,10.258801153445049,False,False,neutral
2021-05-25 02:59:59.999,2021-05-24 00:00:00.000,2021-05-24 23:59:59.999,34.322,42.222,33.009,40.323,81966.789,22923,50.1439,14.141525380948028,5.99,17.45,Increase,92.56847614284409,7.7193238571559135,False,False,neutral
2021-05-26 02:59:59.999,2021-05-25 00:00:00.000,2021-05-25 23:59:59.999,40.467,42.853,38.273,42.513,53380.959,16619,48.957100000000004,14.244052703964929,2.19,5.43,Increase,91.68925811189479,6.224941888105214,False,False,neutral
2021-05-27 02:59:59.999,2021-05-26 00:00:00.000,2021-05-26 23:59:59.999,42.524,60.692,41.066,53.183,456603.677,64224,46.6554,10.794760757989009,10.67,25.1,Increase,79.03968227396703,14.271117726032976,False,False,neutral
2021-05-28 02:59:59.999,2021-05-27 00:00:00.000,2021-05-27 23:59:59.999,53.247,54.325,45.087,47.723,829221.209,88775,44.7484,8.21916516712261,-5.46,-10.27,Decrease,69.40589550136782,20.09090449863217,False,False,neutral
2021-05-29 02:59:59.999,2021-05-28 00:00:00.000,2021-05-28 23:59:59.999,47.736,49.041,39.52,40.542,50893.721,12206,42.6068,5.613981035474192,-7.18,-15.05,Decrease,59.448743106422576,25.764856893577424,False,False,neutral
2021-05-30 02:59:59.999,2021-05-29 00:00:00.000,2021-05-29 23:59:59.999,40.593,69.0,39.724,54.604,1149115.843,217746,44.0161,6.694360917966494,14.06,34.69,Increase,64.09918275389948,23.93301724610052,True,False,above
2021-05-31 02:59:59.999,2021-05-30 00:00:00.000,2021-05-30 23:59:59.999,54.599,66.8,50.2,52.68,698905.51,179215,44.4206,7.1135468290358554,-1.92,-3.52,Neutral,65.76124048710757,23.079959512892433,True,False,above
2021-06-01 02:59:59.999,2021-05-31 00:00:00.000,2021-05-31 23:59:59.999,52.716,54.716,50.206,52.2,150416.007,45831,45.6014,7.346726379067487,-0.48,-0.91,Neutral,67.64157913720246,23.561220862797537,False,False,neutral
2021-06-02 02:59:59.999,2021-06-01 00:00:00.000,2021-06-01 23:59:59.999,52.221,53.296,48.354,49.232,94969.209,30761,46.7332,6.8883550818269015,-2.97,-5.69,Decrease,67.3982652454807,26.068134754519292,False,False,neutral
2021-06-03 02:59:59.999,2021-06-02 00:00:00.000,2021-06-02 23:59:59.999,49.233,50.689,48.379,49.331,59096.826,21081,48.2331,5.349005358215617,0.1,0.2,Neutral,64.28011607464686,32.186083925353145,False,False,neutral
2021-06-04 02:59:59.999,2021-06-03 00:00:00.000,2021-06-03 23:59:59.999,49.289,54.0,48.645,50.174,95807.42,30754,49.2182,4.582574671755975,0.84,1.71,Neutral,62.96592401526793,35.470475984732076,False,False,neutral
2021-06-05 02:59:59.999,2021-06-04 00:00:00.000,2021-06-04 23:59:59.999,50.123,50.3,45.001,47.169,70198.972,20995,49.6838,4.028669419161375,-3.01,-5.99,Decrease,61.76980825748412,37.597791742515874,False,False,neutral
2021-06-06 02:59:59.999,2021-06-05 00:00:00.000,2021-06-05 23:59:59.999,47.199,56.5,46.036,48.756,270385.918,73215,49.2411,3.8402571514009387,1.59,3.36,Neutral,60.76187145420282,37.72032854579719,False,False,neutral
2021-06-07 02:59:59.999,2021-06-06 00:00:00.000,2021-06-06 23:59:59.999,48.688,52.826,47.5,48.327,125274.655,35748,49.301500000000004,3.8184150944247133,-0.43,-0.88,Neutral,60.75674528327414,37.846254716725866,False,False,neutral
2021-06-08 02:59:59.999,2021-06-07 00:00:00.000,2021-06-07 23:59:59.999,48.267,49.559,43.023,43.587,52580.684,17438,49.606,3.0951954165551196,-4.74,-9.81,Decrease,58.89158624966536,40.320413750334644,False,False,neutral
2021-06-09 02:59:59.999,2021-06-08 00:00:00.000,2021-06-08 23:59:59.999,43.683,45.025,39.675,42.669,62816.84,16791,48.4125,3.2509768531930834,-0.92,-2.11,Neutral,58.16543055957925,38.65956944042075,False,False,neutral
2021-06-10 02:59:59.999,2021-06-09 00:00:00.000,2021-06-09 23:59:59.999,42.588,50.236,40.6,45.728,507242.682,51636,47.7173,2.9680073393884823,3.06,7.17,Increase,56.62132201816545,38.81327798183455,False,False,neutral
2021-06-11 02:59:59.999,2021-06-10 00:00:00.000,2021-06-10 23:59:59.999,45.848,46.187,40.195,40.86,70796.793,16131,46.5833,3.220593666804917,-4.87,-10.65,Decrease,56.24508100041476,36.921518999585246,False,False,neutral
2021-06-12 02:59:59.999,2021-06-11 00:00:00.000,2021-06-11 23:59:59.999,40.986,42.618,38.657,39.169,53912.703,11916,45.577,3.817792381293668,-1.69,-4.14,Neutral,57.030377143881005,34.12362285611899,False,False,neutral
2021-06-13 02:59:59.999,2021-06-12 00:00:00.000,2021-06-12 23:59:59.999,39.085,39.964,36.185,38.292,47286.564,10994,44.4731,4.189571774722673,-0.88,-2.24,Neutral,57.04181532416802,31.904384675831984,False,False,neutral
2021-06-14 02:59:59.999,2021-06-13 00:00:00.000,2021-06-13 23:59:59.999,38.397,40.032,36.506,39.456,49973.21,10382,43.4013,3.932147901874951,1.16,3.04,Neutral,55.19774370562485,31.604856294375146,False,False,neutral
2021-06-15 02:59:59.999,2021-06-14 00:00:00.000,2021-06-14 23:59:59.999,39.52,41.488,38.965,40.693,26974.291,7104,42.7537,3.772731873442144,1.24,3.14,Neutral,54.07189562032643,31.43550437967357,False,False,neutral
2021-06-16 02:59:59.999,2021-06-15 00:00:00.000,2021-06-15 23:59:59.999,40.693,43.9,40.293,40.739,43555.761,11140,41.952,3.1571037008269425,0.05,0.11,Neutral,51.423311102480824,32.48068889751917,False,False,neutral
2021-06-17 02:59:59.999,2021-06-16 00:00:00.000,2021-06-16 23:59:59.999,40.716,42.3,38.086,38.339,70129.004,12427,40.953199999999995,2.4070005216261467,-2.4,-5.89,Decrease,48.17420156487844,33.73219843512155,False,False,neutral
2021-06-18 02:59:59.999,2021-06-17 00:00:00.000,2021-06-17 23:59:59.999,38.403,42.21,38.294,38.655,42693.068,9984,40.459999999999994,2.3107291297572203,0.32,0.82,Neutral,47.392187389271655,33.52781261072833,False,False,neutral
2021-06-19 02:59:59.999,2021-06-18 00:00:00.000,2021-06-18 23:59:59.999,38.626,40.495,38.0,38.644,293073.071,38922,40.0575,2.232421069899403,-0.01,-0.03,Neutral,46.754763209698204,33.36023679030179,False,False,neutral
2021-06-20 02:59:59.999,2021-06-19 00:00:00.000,2021-06-19 23:59:59.999,38.599,38.928,36.226,36.545,163223.534,23999,39.1392,1.3582534373221664,-2.1,-5.43,Decrease,43.2139603119665,35.0644396880335,False,False,neutral
2021-06-21 02:59:59.999,2021-06-20 00:00:00.000,2021-06-20 23:59:59.999,36.548,37.394,35.069,36.703,52612.591,8025,38.7235,1.408289920434527,0.16,0.43,Neutral,42.94836976130358,34.49863023869642,False,False,neutral
2021-06-22 02:59:59.999,2021-06-21 00:00:00.000,2021-06-21 23:59:59.999,36.584,36.728,30.001,30.393,39758.917,7576,37.8459,2.969221126827286,-6.31,-17.19,Decrease,46.75356338048186,28.938236619518143,False,False,neutral
2021-06-23 02:59:59.999,2021-06-22 00:00:00.000,2021-06-22 23:59:59.999,30.283,33.384,23.143,27.299,161930.381,21368,36.7466,4.450966891211862,-3.09,-10.18,Decrease,50.09950067363559,23.393699326364416,False,True,below
2021-06-24 02:59:59.999,2021-06-23 00:00:00.000,2021-06-23 23:59:59.999,27.359,31.103,26.602,28.77,57480.161,9585,35.678000000000004,4.97958271344071,1.47,5.39,Increase,50.61674814032213,20.739251859677875,False,False,neutral
2021-06-25 02:59:59.999,2021-06-24 00:00:00.000,2021-06-24 23:59:59.999,28.598,29.544,27.38,28.639,20719.877,3677,34.4726,5.088479366830943,-0.13,-0.46,Neutral,49.73803810049283,19.20716189950717,False,False,neutral
2021-06-26 02:59:59.999,2021-06-25 00:00:00.000,2021-06-25 23:59:59.999,28.636,29.476,26.563,26.838,33722.545,5358,33.082499999999996,5.085154520759187,-1.8,-6.29,Decrease,48.33796356227756,17.827036437722434,False,False,neutral
2021-06-27 02:59:59.999,2021-06-26 00:00:00.000,2021-06-26 23:59:59.999,26.732,28.002,25.566,27.111,201950.462,16668,31.959699999999998,5.034882654485809,0.27,1.02,Neutral,47.06434796345742,16.85505203654257,False,False,neutral
2021-06-28 02:59:59.999,2021-06-27 00:00:00.000,2021-06-27 23:59:59.999,27.17,28.783,26.751,28.404,91330.048,9401,30.9346,4.539432788845111,1.29,4.77,Neutral,44.55289836653533,17.31630163346467,False,False,neutral
2021-06-29 02:59:59.999,2021-06-28 00:00:00.000,2021-06-28 23:59:59.999,28.404,29.923,27.62,29.109,100724.413,11498,29.981100000000005,3.65550414367733,0.71,2.48,Neutral,40.947612431032,19.014587568968015,False,False,neutral
2021-06-30 02:59:59.999,2021-06-29 00:00:00.000,2021-06-29 23:59:59.999,29.158,30.98,28.672,29.356,72020.811,8396,29.2622,2.8363158733348164,0.25,0.85,Neutral,37.77114762000445,20.75325237999555,False,False,neutral
2021-07-01 02:59:59.999,2021-06-30 00:00:00.000,2021-06-30 23:59:59.999,29.346,43.5,27.914,36.104,719268.723,107396,29.2023,2.662726925123093,6.75,22.99,Increase,37.19048077536928,21.21411922463072,True,False,above
2021-07-02 02:59:59.999,2021-07-01 00:00:00.000,2021-07-01 23:59:59.999,36.114,36.13,32.0,33.364,233071.464,39471,29.499399999999998,2.959548171220645,-2.74,-7.59,Decrease,38.37804451366193,20.620755486338062,False,False,neutral
2021-07-03 02:59:59.999,2021-07-02 00:00:00.000,2021-07-02 23:59:59.999,33.292,33.449,30.612,31.7,63236.221,11210,29.9395,2.922980375879292,-1.66,-4.99,Neutral,38.708441127637876,21.170558872362122,False,False,neutral
2021-07-04 02:59:59.999,2021-07-03 00:00:00.000,2021-07-03 23:59:59.999,31.7,33.083,31.114,31.834,49436.323,7884,30.2459,2.9472570845143244,0.13,0.42,Neutral,39.08767125354297,21.404128746457026,False,False,neutral
2021-07-05 02:59:59.999,2021-07-04 00:00:00.000,2021-07-04 23:59:59.999,31.822,33.935,31.173,32.22,100990.605,15590,30.604000000000003,2.9478712846915056,0.39,1.21,Neutral,39.44761385407452,21.760386145925487,False,False,neutral
2021-07-06 02:59:59.999,2021-07-05 00:00:00.000,2021-07-05 23:59:59.999,32.2,35.442,31.24,33.434,146210.621,23397,31.263599999999997,2.742361682929078,1.21,3.77,Neutral,39.49068504878723,23.036514951212762,False,False,neutral
2021-07-07 02:59:59.999,2021-07-06 00:00:00.000,2021-07-06 23:59:59.999,33.52,34.806,32.459,33.003,93890.097,14459,31.852799999999995,2.3568997433063585,-0.43,-1.29,Neutral,38.923499229919074,24.78210077008092,False,False,neutral
2021-07-08 02:59:59.999,2021-07-07 00:00:00.000,2021-07-07 23:59:59.999,32.931,34.5,32.68,33.087,261036.686,26744,32.3211,2.0393562955005096,0.08,0.25,Neutral,38.439168886501534,26.203031113498472,False,False,neutral
2021-07-09 02:59:59.999,2021-07-08 00:00:00.000,2021-07-08 23:59:59.999,33.026,33.12,30.0,30.369,35030.729,7429,32.4471,1.8488769834679535,-2.72,-8.21,Decrease,37.99373095040386,26.90046904959614,False,False,neutral
2021-07-10 02:59:59.999,2021-07-09 00:00:00.000,2021-07-09 23:59:59.999,30.291,34.587,30.0,32.114,50991.295,13093,32.7229,1.5114567991024763,1.74,5.75,Increase,37.25727039730743,28.188529602692576,False,False,neutral
2021-07-11 02:59:59.999,2021-07-10 00:00:00.000,2021-07-10 23:59:59.999,32.082,32.882,30.677,31.377,26154.059,6856,32.25019999999999,0.983512503449759,-0.74,-2.29,Neutral,35.20073751034927,29.299662489650714,False,False,neutral
2021-07-12 02:59:59.999,2021-07-11 00:00:00.000,2021-07-11 23:59:59.999,31.377,32.6,31.051,31.518,56346.532,9511,32.0656,0.9225849193060279,0.14,0.45,Neutral,34.83335475791809,29.29784524208192,False,False,neutral
2021-07-13 02:59:59.999,2021-07-12 00:00:00.000,2021-07-12 23:59:59.999,31.437,32.184,29.412,31.079,35906.105,7784,32.0035,0.9696287090071705,-0.44,-1.39,Neutral,34.91238612702151,29.094613872978492,False,False,neutral
2021-07-14 02:59:59.999,2021-07-13 00:00:00.000,2021-07-13 23:59:59.999,31.138,36.66,30.995,31.586,175828.47,47135,31.978699999999996,0.9775845572963222,0.51,1.63,Neutral,34.911453671888964,29.04594632811103,True,False,above
2021-07-15 02:59:59.999,2021-07-14 00:00:00.000,2021-07-14 23:59:59.999,31.654,31.99,28.88,31.401,118569.924,16851,31.896799999999995,0.9893589170085088,-0.18,-0.59,Neutral,34.86487675102552,28.92872324897447,False,True,below
2021-07-16 02:59:59.999,2021-07-15 00:00:00.000,2021-07-15 23:59:59.999,31.401,31.891,29.909,30.23,34620.817,7077,31.5764,0.9544140960108787,-1.17,-3.73,Neutral,34.43964228803264,28.713157711967362,False,False,neutral
2021-07-17 02:59:59.999,2021-07-16 00:00:00.000,2021-07-16 23:59:59.999,30.263,34.0,29.643,32.9,75544.798,15018,31.5661,0.9377173762788945,2.67,8.83,Increase,34.37925212883668,28.752947871163315,False,False,neutral
2021-07-18 02:59:59.999,2021-07-17 00:00:00.000,2021-07-17 23:59:59.999,32.947,32.947,30.007,30.611,43932.186,8839,31.318499999999993,0.8096533208711023,-2.29,-6.96,Decrease,33.7474599626133,28.889540037386688,False,False,neutral
2021-07-19 02:59:59.999,2021-07-18 00:00:00.000,2021-07-18 23:59:59.999,30.501,31.992,30.287,30.56,36614.654,6270,31.3376,0.7866928244223432,-0.05,-0.17,Neutral,33.697678473267025,28.977521526732968,False,False,neutral
2021-07-20 02:59:59.999,2021-07-19 00:00:00.000,2021-07-19 23:59:59.999,30.525,30.619,28.47,28.59,20705.107,3306,30.9852,1.1192567772101958,-1.97,-6.45,Decrease,34.34297033163059,27.627429668369412,False,False,neutral
2021-07-21 02:59:59.999,2021-07-20 00:00:00.000,2021-07-20 23:59:59.999,28.642,32.0,26.968,29.795,85037.919,16810,30.827000000000005,1.1684471176156386,1.21,4.21,Neutral,34.332341352846925,27.32165864715309,False,True,below
2021-07-22 02:59:59.999,2021-07-21 00:00:00.000,2021-07-21 23:59:59.999,29.84,32.709,29.028,30.978,55150.565,10141,30.772999999999996,1.1452111886740786,1.18,3.97,Neutral,34.20863356602223,27.33736643397776,False,False,neutral
2021-07-23 02:59:59.999,2021-07-22 00:00:00.000,2021-07-22 23:59:59.999,31.032,31.501,30.583,31.14,29771.789,5038,30.7791,1.1471829700027347,0.16,0.52,Neutral,34.2206489100082,27.337551089991795,False,False,neutral
2021-07-24 02:59:59.999,2021-07-23 00:00:00.000,2021-07-23 23:59:59.999,31.137,32.36,30.597,32.36,36699.126,6514,30.856500000000004,1.2307409015159494,1.22,3.92,Neutral,34.54872270454785,27.164277295452155,False,False,neutral
2021-07-25 02:59:59.999,2021-07-24 00:00:00.000,2021-07-24 23:59:59.999,32.36,34.21,31.767,32.825,39533.155,8413,30.998900000000003,1.374701700975265,0.47,1.44,Neutral,35.123005102925795,26.87479489707421,False,False,neutral
2021-07-26 02:59:59.999,2021-07-25 00:00:00.000,2021-07-25 23:59:59.999,32.768,39.264,32.581,35.055,152338.98,34572,31.4814,1.8421280085807283,2.23,6.79,Increase,37.00778402574218,25.955015974257815,True,False,above
2021-07-27 02:59:59.999,2021-07-26 00:00:00.000,2021-07-26 23:59:59.999,35.01,37.39,33.475,33.866,123628.635,26369,31.578000000000003,1.9471202667865508,-1.19,-3.39,Neutral,37.419360800359655,25.73663919964035,False,False,neutral
2021-07-28 02:59:59.999,2021-07-27 00:00:00.000,2021-07-27 23:59:59.999,33.851,37.942,33.572,37.197,59396.131,12728,32.2366,2.5910535909372228,3.33,9.84,Increase,40.009760772811674,24.463439227188335,False,False,neutral
2021-07-29 02:59:59.999,2021-07-28 00:00:00.000,2021-07-28 23:59:59.999,37.137,37.137,35.022,36.338,48662.444,9212,32.8144,2.810575156637632,-0.86,-2.31,Neutral,41.2461254699129,24.382674530087105,False,False,neutral
2021-07-30 02:59:59.999,2021-07-29 00:00:00.000,2021-07-29 23:59:59.999,36.338,38.803,35.812,38.042,61845.529,9988,33.7596,2.8213907209029907,1.7,4.69,Neutral,42.22377216270897,25.295427837291026,False,False,neutral
2021-07-31 02:59:59.999,2021-07-30 00:00:00.000,2021-07-30 23:59:59.999,38.042,38.737,36.052,38.719,45352.197,8476,34.652,2.8393275416700954,0.68,1.78,Neutral,43.16998262501029,26.134017374989714,False,False,neutral
2021-08-01 02:59:59.999,2021-07-31 00:00:00.000,2021-07-31 23:59:59.999,38.735,40.596,37.694,38.338,66503.291,12238,35.388000000000005,2.7330769798480254,-0.38,-0.98,Neutral,43.587230939544085,27.18876906045593,False,False,neutral
2021-08-02 02:59:59.999,2021-08-01 00:00:00.000,2021-08-01 23:59:59.999,38.372,39.733,38.028,38.577,51682.493,9281,36.1317,2.445419938942016,0.24,0.62,Neutral,43.46795981682605,28.795440183173955,False,False,neutral
2021-08-03 02:59:59.999,2021-08-02 00:00:00.000,2021-08-02 23:59:59.999,38.594,38.784,36.832,38.491,54596.866,7802,36.7448,2.144822385808214,-0.09,-0.22,Neutral,43.17926715742464,30.310332842575356,False,False,neutral
2021-08-04 02:59:59.999,2021-08-03 00:00:00.000,2021-08-03 23:59:59.999,38.567,56.587,37.605,37.895,752623.749,119120,37.251799999999996,1.659652092055447,-0.6,-1.55,Neutral,42.23075627616634,32.27284372383365,True,False,above
2021-08-05 02:59:59.999,2021-08-04 00:00:00.000,2021-08-04 23:59:59.999,37.895,42.99,37.296,38.891,201910.863,31745,37.6354,1.5340419521996298,1.0,2.63,Neutral,42.237525856598886,33.03327414340111,True,False,above
2021-08-06 02:59:59.999,2021-08-05 00:00:00.000,2021-08-05 23:59:59.999,38.871,39.656,37.529,39.15,82359.638,13086,38.163799999999995,0.8480784554886324,0.26,0.67,Neutral,40.70803536646589,35.6195646335341,False,False,neutral
2021-08-07 02:59:59.999,2021-08-06 00:00:00.000,2021-08-06 23:59:59.999,39.149,39.579,37.6,38.96,86726.3,14446,38.3401,0.8070211961952563,-0.19,-0.49,Neutral,40.76116358858577,35.91903641141423,False,False,neutral
2021-08-08 02:59:59.999,2021-08-07 00:00:00.000,2021-08-07 23:59:59.999,38.96,41.5,38.795,39.594,133602.15,24188,38.6657,0.5126463043177348,0.63,1.63,Neutral,40.2036389129532,37.1277610870468,True,False,above
2021-08-09 02:59:59.999,2021-08-08 00:00:00.000,2021-08-08 23:59:59.999,39.621,40.5,37.959,38.294,103463.326,15729,38.6909,0.48397255431546043,-1.3,-3.28,Neutral,40.14281766294638,37.23898233705362,True,False,above
2021-08-10 02:59:59.999,2021-08-09 00:00:00.000,2021-08-09 23:59:59.999,38.28,39.8,37.057,39.274,65685.608,11190,38.7464,0.5181675404705479,0.98,2.56,Neutral,40.300902621411645,37.19189737858836,False,True,below
2021-08-11 02:59:59.999,2021-08-10 00:00:00.000,2021-08-10 23:59:59.999,39.274,40.924,38.759,39.609,55271.764,10653,38.8735,0.5609736080121629,0.34,0.85,Neutral,40.556420824036486,37.190579175963514,True,False,above
2021-08-12 02:59:59.999,2021-08-11 00:00:00.000,2021-08-11 23:59:59.999,39.65,43.826,39.574,41.408,121201.023,24224,39.1566,0.9641659838646736,1.8,4.54,Neutral,42.04909795159402,36.264102048405974,True,False,above
2021-08-13 02:59:59.999,2021-08-12 00:00:00.000,2021-08-12 23:59:59.999,41.408,42.537,38.598,39.619,56401.527,11281,39.269400000000005,0.9434037900646773,-1.79,-4.32,Neutral,42.09961137019404,36.43918862980597,True,False,above
2021-08-14 02:59:59.999,2021-08-13 00:00:00.000,2021-08-13 23:59:59.999,39.608,42.983,39.455,42.779,45807.184,9752,39.7578,1.3355426529224206,3.16,7.98,Increase,43.764427958767264,35.75117204123274,False,False,neutral
2021-08-15 02:59:59.999,2021-08-14 00:00:00.000,2021-08-14 23:59:59.999,42.777,43.153,40.141,41.65,51710.599,9533,40.033699999999996,1.4189565062622387,-1.13,-2.64,Neutral,44.29056951878671,35.77683048121328,False,False,neutral
2021-08-16 02:59:59.999,2021-08-15 00:00:00.000,2021-08-15 23:59:59.999,41.676,42.338,40.513,42.091,108221.545,11648,40.3278,1.516851549170019,0.44,1.06,Neutral,44.87835464751006,35.77724535248995,False,False,neutral
2021-08-17 02:59:59.999,2021-08-16 00:00:00.000,2021-08-16 23:59:59.999,42.109,43.734,40.02,40.622,97286.219,14592,40.494,1.4394057415774573,-1.47,-3.49,Neutral,44.81221722473237,36.17578277526763,False,False,neutral
2021-08-18 02:59:59.999,2021-08-17 00:00:00.000,2021-08-17 23:59:59.999,40.671,42.461,39.0,39.371,56448.397,23605,40.4717,1.4565238717186029,-1.25,-3.08,Neutral,44.841271615155804,36.10212838484419,False,False,neutral
2021-08-19 02:59:59.999,2021-08-18 00:00:00.000,2021-08-18 23:59:59.999,39.371,40.274,37.96,38.505,67618.255,12340,40.4928,1.4226046378220527,-0.87,-2.2,Neutral,44.76061391346616,36.224986086533846,False,False,neutral
2021-08-20 02:59:59.999,2021-08-19 00:00:00.000,2021-08-19 23:59:59.999,38.505,40.964,37.689,40.956,35852.401,6423,40.661,1.3605719385601234,2.45,6.37,Increase,44.74271581568037,36.57928418431963,False,False,neutral
2021-08-21 02:59:59.999,2021-08-20 00:00:00.000,2021-08-20 23:59:59.999,40.956,43.7,40.821,42.863,69714.725,12980,40.986399999999996,1.4660473086187753,1.91,4.66,Neutral,45.384541925856325,36.58825807414367,False,False,neutral
2021-08-22 02:59:59.999,2021-08-21 00:00:00.000,2021-08-21 23:59:59.999,42.923,46.093,42.015,42.621,89177.189,17570,41.1077,1.5524420225343605,-0.24,-0.56,Neutral,45.76502606760308,36.45037393239692,True,False,above
2021-08-23 02:59:59.999,2021-08-22 00:00:00.000,2021-08-22 23:59:59.999,42.621,44.686,42.505,44.472,47598.849,10635,41.593,1.7775705018046746,1.85,4.34,Neutral,46.92571150541403,36.26028849458598,False,False,neutral
2021-08-24 02:59:59.999,2021-08-23 00:00:00.000,2021-08-23 23:59:59.999,44.549,45.499,43.529,44.754,132739.353,14297,41.790499999999994,2.0175087635765894,0.28,0.63,Neutral,47.84302629072976,35.73797370927023,False,False,neutral
2021-08-25 02:59:59.999,2021-08-24 00:00:00.000,2021-08-24 23:59:59.999,44.745,44.975,41.678,42.544,52700.071,9116,41.879900000000006,2.030357738045606,-2.21,-4.94,Neutral,47.970973214136826,35.788826785863186,False,False,neutral
2021-08-26 02:59:59.999,2021-08-25 00:00:00.000,2021-08-25 23:59:59.999,42.528,44.721,42.115,44.235,40708.507,7943,42.0943,2.1639324311687482,1.69,3.97,Neutral,48.58609729350624,35.60250270649375,False,False,neutral
2021-08-27 02:59:59.999,2021-08-26 00:00:00.000,2021-08-26 23:59:59.999,44.314,44.667,40.935,41.46,84047.246,12011,42.1781,2.116282823463374,-2.77,-6.27,Decrease,48.526948470390124,35.82925152960988,False,False,neutral
2021-08-28 02:59:59.999,2021-08-27 00:00:00.000,2021-08-27 23:59:59.999,41.49,43.4,40.822,43.29,40195.636,6516,42.57000000000001,1.889401198498114,1.83,4.41,Neutral,48.23820359549435,36.90179640450567,False,False,neutral
2021-08-29 02:59:59.999,2021-08-28 00:00:00.000,2021-08-28 23:59:59.999,43.31,44.58,42.29,42.65,31228.875,6559,42.984500000000004,1.2424261435672725,-0.64,-1.48,Neutral,46.71177843070182,39.25722156929819,False,False,neutral
2021-08-30 02:59:59.999,2021-08-29 00:00:00.000,2021-08-29 23:59:59.999,42.71,43.58,41.54,43.11,33176.23,6677,43.1999,1.0181448761773109,0.46,1.08,Neutral,46.254334628531936,40.14546537146806,False,False,neutral
2021-08-31 02:59:59.999,2021-08-30 00:00:00.000,2021-08-30 23:59:59.999,43.11,45.75,42.15,42.86,83531.213,14592,43.1996,1.0182556107805698,-0.25,-0.58,Neutral,46.2543668323417,40.14483316765829,False,False,neutral
2021-09-01 02:59:59.999,2021-08-31 00:00:00.000,2021-08-31 23:59:59.999,42.77,46.0,42.18,43.88,47832.033,8827,43.3255,1.0165988228715843,1.02,2.38,Neutral,46.37529646861475,40.27570353138525,False,False,neutral
2021-09-02 02:59:59.999,2021-09-01 00:00:00.000,2021-09-01 23:59:59.999,43.88,48.23,43.34,46.48,62735.934,13946,43.5263,1.3958056255946476,2.6,5.93,Increase,47.71371687678394,39.33888312321606,True,False,above
2021-09-03 02:59:59.999,2021-09-02 00:00:00.000,2021-09-02 23:59:59.999,46.42,47.49,45.52,46.56,34162.95,7719,43.706900000000005,1.663476443408502,0.08,0.17,Neutral,48.697329330225514,38.716470669774495,False,False,neutral
2021-09-04 02:59:59.999,2021-09-03 00:00:00.000,2021-09-03 23:59:59.999,46.5,51.0,45.75,47.84,60280.52,15550,44.2365,2.050197890176972,1.28,2.75,Neutral,50.387093670530916,38.08590632946908,True,False,above
2021-09-05 02:59:59.999,2021-09-04 00:00:00.000,2021-09-04 23:59:59.999,47.84,49.28,46.79,48.07,36726.29,8793,44.62,2.3817547219545445,0.23,0.48,Neutral,51.76526416586363,37.47473583413637,False,False,neutral
2021-09-06 02:59:59.999,2021-09-05 00:00:00.000,2021-09-05 23:59:59.999,48.06,49.19,46.43,48.64,21509.31,5782,45.338,2.4054188824396494,0.57,1.19,Neutral,52.55425664731895,38.12174335268105,False,False,neutral
2021-09-07 02:59:59.999,2021-09-06 00:00:00.000,2021-09-06 23:59:59.999,48.74,51.16,48.02,50.24,56273.477,14089,46.033,2.730067357735884,1.6,3.29,Neutral,54.22320207320765,37.84279792679235,False,False,neutral
2021-09-08 02:59:59.999,2021-09-07 00:00:00.000,2021-09-07 23:59:59.999,50.33,51.15,40.0,42.39,56211.806,11507,46.007,2.766855616037311,-7.85,-15.63,Decrease,54.30756684811193,37.70643315188806,False,False,neutral
2021-09-09 02:59:59.999,2021-09-08 00:00:00.000,2021-09-08 23:59:59.999,42.4,42.71,37.41,41.44,48480.876,12590,45.839999999999996,3.001581064853338,-0.95,-2.24,Neutral,54.84474319456001,36.83525680543998,False,False,neutral
2021-09-10 02:59:59.999,2021-09-09 00:00:00.000,2021-09-09 23:59:59.999,41.44,42.86,39.73,41.23,58676.06,11147,45.67700000000001,3.2178566020113952,-0.21,-0.51,Neutral,55.33056980603419,36.02343019396582,False,False,neutral
2021-09-11 02:59:59.999,2021-09-10 00:00:00.000,2021-09-10 23:59:59.999,41.24,55.54,41.15,51.7,402823.159,86752,46.458999999999996,3.6533620740958135,10.47,25.39,Increase,57.41908622228743,35.49891377771256,False,False,neutral
2021-09-12 02:59:59.999,2021-09-11 00:00:00.000,2021-09-11 23:59:59.999,51.5,53.62,46.16,47.43,93503.92,22588,46.554,3.6662975571787677,-4.27,-8.26,Decrease,57.552892671536306,35.5551073284637,False,False,neutral
2021-09-13 02:59:59.999,2021-09-12 00:00:00.000,2021-09-12 23:59:59.999,47.43,47.9,44.28,45.62,53262.08,10328,46.46,3.6781577514350396,-1.81,-3.82,Neutral,57.49447325430512,35.42552674569488,False,False,neutral
2021-09-14 02:59:59.999,2021-09-13 00:00:00.000,2021-09-13 23:59:59.999,45.6,46.04,42.2,43.29,45317.19,7856,46.004999999999995,3.768787750870076,-2.33,-5.11,Decrease,57.31136325261022,34.69863674738977,False,False,neutral
2021-09-15 02:59:59.999,2021-09-14 00:00:00.000,2021-09-14 23:59:59.999,43.29,44.75,42.9,43.7,38573.96,7604,45.568,3.7560759665725447,0.41,0.95,Neutral,56.83622789971763,34.29977210028237,False,False,neutral
2021-09-16 02:59:59.999,2021-09-15 00:00:00.000,2021-09-15 23:59:59.999,43.85,45.68,43.4,45.28,27937.96,6050,45.232,3.5976807343987423,1.58,3.62,Neutral,56.02504220319622,34.43895779680378,False,False,neutral
2021-09-17 02:59:59.999,2021-09-16 00:00:00.000,2021-09-16 23:59:59.999,45.2,46.31,43.81,44.08,46334.01,8162,44.616,3.1436397871111623,-1.2,-2.65,Neutral,54.04691936133349,35.18508063866651,False,False,neutral
2021-09-18 02:59:59.999,2021-09-17 00:00:00.000,2021-09-17 23:59:59.999,44.09,44.95,42.2,44.84,36552.19,6491,44.861000000000004,3.0447968368636653,0.76,1.72,Neutral,53.995390510591,35.72660948940901,False,False,neutral
2021-09-19 02:59:59.999,2021-09-18 00:00:00.000,2021-09-18 23:59:59.999,44.95,62.99,44.26,46.14,603986.088,91335,45.331,2.811893193798537,1.3,2.9,Neutral,53.766679581395614,36.89532041860439,True,False,above
2021-09-20 02:59:59.999,2021-09-19 00:00:00.000,2021-09-19 23:59:59.999,46.14,47.21,44.31,44.78,62447.51,10505,45.686,2.4355204782545363,-1.36,-2.95,Neutral,52.99256143476361,38.37943856523639,False,False,neutral
2021-09-21 02:59:59.999,2021-09-20 00:00:00.000,2021-09-20 23:59:59.999,44.79,45.58,38.54,38.97,85004.68,12936,44.413,2.2636501987319946,-5.81,-12.97,Decrease,51.20395059619598,37.62204940380401,False,False,neutral
2021-09-22 02:59:59.999,2021-09-21 00:00:00.000,2021-09-21 23:59:59.999,38.98,42.46,36.02,37.41,96945.014,10833,43.411,2.9062516905605493,-1.56,-4.0,Neutral,52.12975507168165,34.69224492831835,False,False,neutral
2021-09-23 02:59:59.999,2021-09-22 00:00:00.000,2021-09-22 23:59:59.999,37.57,58.0,36.49,41.58,619411.78,104706,43.007,2.8452184059883585,4.17,11.15,Increase,51.54265521796508,34.47134478203492,True,False,above
2021-09-24 02:59:59.999,2021-09-23 00:00:00.000,2021-09-23 23:59:59.999,41.44,45.25,40.96,42.75,96899.76,17908,42.953,2.844374760430653,1.17,2.81,Neutral,51.486124281291964,34.41987571870804,False,False,neutral
2021-09-25 02:59:59.999,2021-09-24 00:00:00.000,2021-09-24 23:59:59.999,42.7,43.3,38.55,41.36,56563.56,6753,42.719,2.8722095636939393,-1.39,-3.25,Neutral,51.33562869108182,34.10237130891818,False,False,neutral
