Date,Total_Tweets
2016/03/16,1185
2016/03/17,1211
2016/03/18,1123
2016/03/19,943
2016/03/20,1304
2016/03/21,2233
2016/03/22,859
2016/03/23,944
2016/03/24,1982
2016/03/25,927
2016/03/26,712
2016/03/27,716
2016/03/28,1298
2016/03/29,1589
2016/03/30,1745
2016/03/31,988
2016/04/01,830
2016/04/02,743
2016/04/03,846
2016/04/04,1000
2016/04/05,1067
2016/04/06,967
2016/04/07,2284
2016/04/08,862
2016/04/09,759
2016/04/10,1073
2016/04/11,891
2016/04/12,1150
2016/04/13,907
2016/04/14,978
2016/04/15,1139
2016/04/16,701
2016/04/17,781
2016/04/18,1014
2016/04/19,962
2016/04/20,984
2016/04/21,883
2016/04/22,924
2016/04/23,607
2016/04/24,543
2016/04/25,923
2016/04/26,894
2016/04/27,735
2016/04/28,935
2016/04/29,916
2016/04/30,951
2016/05/01,773
2016/05/02,1114
2016/05/03,2628
2016/05/04,1261
2016/05/05,1181
2016/05/06,1085
2016/05/07,703
2016/05/08,856
2016/05/09,1110
2016/05/10,970
2016/05/11,1078
2016/05/12,905
2016/05/13,946
2016/05/14,764
2016/05/15,1009
2016/05/16,1588
2016/05/17,1346
2016/05/18,1636
2016/05/19,1929
2016/05/20,1638
2016/05/21,977
2016/05/22,1162
2016/05/23,1236
2016/05/24,1407
2016/05/25,1470
2016/05/26,1380
2016/05/27,1171
2016/05/28,1714
2016/05/29,1409
2016/05/30,3305
2016/05/31,1465
2016/06/01,2023
2016/06/02,1294
2016/06/03,1188
2016/06/04,844
2016/06/05,1091
2016/06/06,1072
2016/06/07,1500
2016/06/08,1673
2016/06/09,1573
2016/06/10,1324
2016/06/11,1086
2016/06/12,1200
2016/06/13,1766
2016/06/14,2136
2016/06/15,1780
2016/06/16,2106
2016/06/17,6219
2016/06/18,4386
2016/06/19,3235
2016/06/20,2649
2016/06/21,2523
2016/06/22,2402
2016/06/23,1877
2016/06/24,1896
2016/06/25,1315
2016/06/26,1175
2016/06/27,1425
2016/06/28,1512
2016/06/29,1945
2016/06/30,1303
2016/07/01,1241
2016/07/02,1326
2016/07/03,1061
2016/07/04,933
2016/07/05,1128
2016/07/06,1020
2016/07/07,1186
2016/07/08,1122
2016/07/09,817
2016/07/10,961
2016/07/11,1236
2016/07/12,1087
2016/07/13,934
2016/07/14,1023
2016/07/15,1280
2016/07/16,1102
2016/07/17,1330
2016/07/18,1377
2016/07/19,1904
2016/07/20,3555
2016/07/21,2207
2016/07/22,2045
2016/07/23,1362
2016/07/24,2808
2016/07/25,2338
2016/07/26,2943
2016/07/27,2343
2016/07/28,1948
2016/07/29,2028
2016/07/30,1618
2016/07/31,1574
2016/08/01,1862
2016/08/02,3703
2016/08/03,1734
2016/08/04,1466
2016/08/05,1850
2016/08/06,1036
2016/08/07,970
2016/08/08,1441
2016/08/09,1517
2016/08/10,1293
2016/08/11,1467
2016/08/12,1586
2016/08/13,1400
2016/08/14,1219
2016/08/15,1396
2016/08/16,1516
2016/08/17,1285
2016/08/18,1372
2016/08/19,1246
2016/08/20,978
2016/08/21,938
2016/08/22,968
2016/08/23,1294
2016/08/24,1296
2016/08/25,1485
2016/08/26,1590
2016/08/27,1103
2016/08/28,1288
2016/08/29,4367
2016/08/30,1240
2016/08/31,1228
2016/09/01,1287
2016/09/02,1191
2016/09/03,943
2016/09/04,884
2016/09/05,1012
2016/09/06,1872
2016/09/07,1645
2016/09/08,1492
2016/09/09,1618
2016/09/10,1882
2016/09/11,1272
2016/09/12,1291
2016/09/13,1453
2016/09/14,2093
2016/09/15,1963
2016/09/16,1498
2016/09/17,1691
2016/09/18,1310
2016/09/19,1818
2016/09/20,2688
2016/09/21,2490
2016/09/22,2824
2016/09/23,3588
2016/09/24,2011
2016/09/25,1739
2016/09/26,2414
2016/09/27,2841
2016/09/28,2583
2016/09/29,2935
2016/09/30,1915
2016/10/01,1485
2016/10/02,1556
2016/10/03,1836
2016/10/04,1996
2016/10/05,1738
2016/10/06,1940
2016/10/07,1830
2016/10/08,1573
2016/10/09,1403
2016/10/10,1398
2016/10/11,1669
2016/10/12,1481
2016/10/13,1713
2016/10/14,1833
2016/10/15,1615
2016/10/16,1224
2016/10/17,1483
2016/10/18,2008
2016/10/19,1892
2016/10/20,1537
2016/10/21,1251
2016/10/22,1205
2016/10/23,1050
2016/10/24,1345
2016/10/25,1437
2016/10/26,1657
2016/10/27,1561
2016/10/28,1652
2016/10/29,1608
2016/10/30,1420
2016/10/31,1636
2016/11/01,1685
2016/11/02,1686
2016/11/03,1929
2016/11/04,1621
2016/11/05,1455
2016/11/06,3091
2016/11/07,1377
2016/11/08,1496
2016/11/09,1656
2016/11/10,1548
2016/11/11,2105
2016/11/12,1525
2016/11/13,1948
2016/11/14,2687
2016/11/15,3038
2016/11/16,2341
2016/11/17,2645
2016/11/18,2802
2016/11/19,2282
2016/11/20,1957
2016/11/21,4974
2016/11/22,3026
2016/11/23,2440
2016/11/24,3073
2016/11/25,2533
2016/11/26,2231
2016/11/27,6856
2016/11/28,4254
2016/11/29,3263
2016/11/30,3429
2016/12/01,3644
2016/12/02,3164
2016/12/03,2247
2016/12/04,1852
2016/12/05,2076
2016/12/06,3178
2016/12/07,3804
2016/12/08,2433
2016/12/09,2236
2016/12/10,2034
2016/12/11,2187
2016/12/12,1959
2016/12/13,2874
2016/12/14,2608
2016/12/15,2306
2016/12/16,1920
2016/12/17,1919
2016/12/18,1898
2016/12/19,2955
2016/12/20,2904
2016/12/21,2514
2016/12/22,2557
2016/12/23,2213
2016/12/24,2168
2016/12/25,2092
2016/12/26,2460
2016/12/27,2280
2016/12/28,2142
2016/12/29,2424
2016/12/30,2272
2016/12/31,2161
2017/01/01,1791
2017/01/02,1751
2017/01/03,2639
2017/01/04,3452
2017/01/05,2896
2017/01/06,2283
2017/01/07,1653
2017/01/08,1734
2017/01/09,1968
2017/01/10,1847
2017/01/11,1661
2017/01/12,1611
2017/01/13,1739
2017/01/14,1446
2017/01/15,1820
2017/01/16,1817
2017/01/17,1821
2017/01/18,2604
2017/01/19,1887
2017/01/20,1648
2017/01/21,1416
2017/01/22,1596
2017/01/23,1924
2017/01/24,1831
2017/01/25,1851
2017/01/26,1771
2017/01/27,1834
2017/01/28,1470
2017/01/29,1466
2017/01/30,1479
2017/01/31,1472
2017/02/01,1673
2017/02/02,3207
2017/02/03,2049
2017/02/04,1494
2017/02/05,1482
2017/02/06,1659
2017/02/07,1910
2017/02/08,1987
2017/02/09,1837
2017/02/10,2241
2017/02/11,1893
2017/02/12,1637
2017/02/13,1735
2017/02/14,2320
2017/02/15,3673
2017/02/16,18078
2017/02/17,4287
2017/02/18,3759
2017/02/19,2984
2017/02/20,3469
2017/02/21,3470
2017/02/22,2934
2017/02/23,2862
2017/02/24,3159
2017/02/25,2565
2017/02/26,2853
2017/02/27,3660
2017/02/28,4700
2017/03/01,3865
2017/03/02,3593
2017/03/03,2841
2017/03/04,4207
2017/03/05,2265
2017/03/06,3238
2017/03/07,2307
2017/03/08,2416
2017/03/09,2981
2017/03/10,4173
2017/03/11,3670
2017/03/12,4090
2017/03/13,5321
2017/03/14,4659
2017/03/15,4888
2017/03/16,5545
2017/03/17,4902
2017/03/18,5211
2017/03/19,3449
2017/03/20,5631
2017/03/21,5091
2017/03/22,2852
2017/03/23,3089
2017/03/24,3773
2017/03/25,3030
2017/03/26,2745
2017/03/27,3655
2017/03/28,6384
2017/03/29,5187
2017/03/30,5085
2017/03/31,3084
2017/04/01,3314
2017/04/02,3232
2017/04/03,3608
2017/04/04,4682
2017/04/05,4248
2017/04/06,4721
2017/04/07,4161
2017/04/08,4486
2017/04/09,4161
2017/04/10,4599
2017/04/11,4450
2017/04/12,5287
2017/04/13,5045
2017/04/14,4085
2017/04/15,3791
2017/04/16,3516
2017/04/17,5209
2017/04/18,4328
2017/04/19,3578
2017/04/20,4579
2017/04/21,5261
2017/04/22,3425
2017/04/23,4878
2017/04/24,5366
2017/04/25,5161
2017/04/26,5897
2017/04/27,7181
2017/04/28,6870
2017/04/29,4984
2017/04/30,5280
2017/05/01,6340
2017/05/02,6970
2017/05/03,6506
2017/05/04,6535
2017/05/05,6735
2017/05/06,4174
2017/05/07,5567
2017/05/08,5368
2017/05/09,5336
2017/05/10,5235
2017/05/11,4587
2017/05/12,5607
2017/05/13,5044
2017/05/14,3910
2017/05/15,3769
2017/05/16,4129
2017/05/17,4000
2017/05/18,4757
2017/05/19,4492
2017/05/20,5206
2017/05/21,6573
2017/05/22,8620
2017/05/23,7248
2017/05/24,6984
2017/05/25,10863
2017/05/26,8902
2017/05/27,8319
2017/05/28,7542
2017/05/29,7110
2017/05/30,7591
2017/05/31,8564
2017/06/01,14322
2017/06/02,11204
2017/06/03,6962
2017/06/04,14085
2017/06/05,9714
2017/06/06,9192
2017/06/07,9017
2017/06/08,9147
2017/06/09,10141
2017/06/10,10560
2017/06/11,10853
2017/06/12,14709
2017/06/13,20977
2017/06/14,13279
2017/06/15,13598
2017/06/16,14424
2017/06/17,13221
2017/06/18,12296
2017/06/19,12833
2017/06/20,14042
2017/06/21,13789
2017/06/22,12631
2017/06/23,14903
2017/06/24,null
2017/06/25,null
2017/06/26,null
2017/06/27,null
2017/06/28,null
2017/06/29,null
2017/06/30,null
2017/07/01,null
2017/07/02,null
2017/07/03,null
2017/07/04,null
2017/07/05,null
2017/07/06,null
2017/07/07,null
2017/07/08,null
2017/07/09,null
2017/07/10,null
2017/07/11,null
2017/07/12,16775
2017/07/13,15409
2017/07/14,15372
2017/07/15,14878
2017/07/16,11940
2017/07/17,17557
2017/07/18,17924
2017/07/19,19618
2017/07/20,16516
2017/07/21,15196
2017/07/22,15260
2017/07/23,15441
2017/07/24,16151
2017/07/25,16428
2017/07/26,17958
2017/07/27,15510
2017/07/28,16163
2017/07/29,17486
2017/07/30,13824
2017/07/31,20653
2017/08/01,18520
2017/08/02,16533
2017/08/03,15957
2017/08/04,15293
2017/08/05,14741
2017/08/06,14575
2017/08/07,16000
2017/08/08,17226
2017/08/09,15975
2017/08/10,14397
2017/08/11,14491
2017/08/12,16170
2017/08/13,17483
2017/08/14,20849
2017/08/15,19526
2017/08/16,20372
2017/08/17,23809
2017/08/18,19178
2017/08/19,17123
2017/08/20,20442
2017/08/21,19256
2017/08/22,25436
2017/08/23,19335
2017/08/24,18117
2017/08/25,22563
2017/08/26,19902
2017/08/27,19658
2017/08/28,19258
2017/08/29,20341
2017/08/30,19004
2017/08/31,18299
2017/09/01,16469
2017/09/02,14470
2017/09/03,16968
2017/09/04,22034
2017/09/05,22933
2017/09/06,20095
2017/09/07,17425
2017/09/08,17831
2017/09/09,15866
2017/09/10,18503
2017/09/11,18312
2017/09/12,17549
2017/09/13,19233
2017/09/14,25674
2017/09/15,22983
2017/09/16,19503
2017/09/17,19258
2017/09/18,21316
2017/09/19,21384
2017/09/20,19832
2017/09/21,22931
2017/09/22,21675
2017/09/23,18618
2017/09/24,21095
2017/09/25,23143
2017/09/26,22899
2017/09/27,23949
2017/09/28,23235
2017/09/29,32569
2017/09/30,21553
2017/10/01,24371
2017/10/02,28804
2017/10/03,26739
2017/10/04,35959
2017/10/05,25156
2017/10/06,29486
2017/10/07,40978
2017/10/08,31087
2017/10/09,25922
2017/10/10,27867
2017/10/11,23109
2017/10/12,23367
2017/10/13,26792
2017/10/14,26862
2017/10/15,51682
2017/10/16,29405
2017/10/17,34301
2017/10/18,23900
2017/10/19,27325
2017/10/20,26704
2017/10/21,23877
2017/10/22,20998
2017/10/23,26917
2017/10/24,22407
2017/10/25,22034
2017/10/26,20603
2017/10/27,22838
2017/10/28,19606
2017/10/29,20377
2017/10/30,21067
2017/10/31,22211
2017/11/01,21056
2017/11/02,22040
2017/11/03,20749
2017/11/04,23653
2017/11/05,15005
2017/11/06,16980
2017/11/07,24220
2017/11/08,21261
2017/11/09,19111
2017/11/10,23367
2017/11/11,18178
2017/11/12,16072
2017/11/13,16532
2017/11/14,18786
2017/11/15,21696
2017/11/16,22397
2017/11/17,21023
2017/11/18,20267
2017/11/19,18336
2017/11/20,20334
2017/11/21,18427
2017/11/22,21660
2017/11/23,21303
2017/11/24,23168
2017/11/25,23803
2017/11/26,19878
2017/11/27,22763
2017/11/28,20690
2017/11/29,22704
2017/11/30,17621
2017/12/01,20472
2017/12/02,17078
2017/12/03,17539
2017/12/04,20182
2017/12/05,26773
2017/12/06,20795
2017/12/07,17795
2017/12/08,15642
2017/12/09,15991
2017/12/10,16779
2017/12/11,18670
2017/12/12,19909
2017/12/13,21133
2017/12/14,17654
2017/12/15,17991
2017/12/16,12351
2017/12/17,12168
2017/12/18,15597
2017/12/19,15015
2017/12/20,13441
2017/12/21,15059
2017/12/22,16329
2017/12/23,15641
2017/12/24,13232
2017/12/25,15591
2017/12/26,17175
2017/12/27,15709
2017/12/28,16859
2017/12/29,17809
2017/12/30,17340
2017/12/31,16417
2018/01/01,15766
2018/01/02,20026
2018/01/03,18783
2018/01/04,21032
2018/01/05,19525
2018/01/06,19427
2018/01/07,20428
2018/01/08,8041
2018/01/09,24192
2018/01/10,25715
2018/01/11,22029
2018/01/12,20352
2018/01/13,19098
2018/01/14,20603
2018/01/15,24552
2018/01/16,24678
2018/01/17,23671
2018/01/18,20980
2018/01/19,14776
2018/01/20,20334
2018/01/21,25700
2018/01/22,31778
2018/01/23,23289
2018/01/24,24026
2018/01/25,19995
2018/01/26,18376
2018/01/27,16311
2018/01/28,19854
2018/01/29,27029
2018/01/30,25156
2018/01/31,24375
2018/02/01,27648
2018/02/02,27240
2018/02/03,23291
2018/02/04,20690
2018/02/05,19944
2018/02/06,25671
2018/02/07,27259
2018/02/08,36694
2018/02/09,30593
2018/02/10,28917
2018/02/11,32759
2018/02/12,33918
2018/02/13,22321
2018/02/14,22594
2018/02/15,23780
2018/02/16,28104
2018/02/17,25693
2018/02/18,20198
2018/02/19,20588
2018/02/20,20527
2018/02/21,19990
2018/02/22,18182
2018/02/23,19705
2018/02/24,16638
2018/02/25,17403
2018/02/26,18244
2018/02/27,19739
2018/02/28,21019
2018/03/01,18033
2018/03/02,19374
2018/03/03,null
2018/03/04,null
2018/03/05,null
2018/03/06,null
2018/03/07,null
2018/03/08,null
2018/03/09,null
2018/03/10,null
2018/03/11,null
2018/03/12,null
2018/03/13,null
2018/03/14,null
2018/03/15,null
2018/03/16,null
2018/03/17,null
2018/03/18,null
2018/03/19,null
2018/03/20,null
2018/03/21,null
2018/03/22,null
2018/03/23,null
2018/03/24,null
2018/03/25,null
2018/03/26,null
2018/03/27,null
2018/03/28,null
2018/03/29,null
2018/03/30,null
2018/03/31,null
2018/04/01,null
2018/04/02,null
2018/04/03,null
2018/04/04,null
2018/04/05,null
2018/04/06,null
2018/04/07,25319
2018/04/08,21190
2018/04/09,25309
2018/04/10,25856
2018/04/11,25379
2018/04/12,24696
2018/04/13,22292
2018/04/14,17926
2018/04/15,17958
2018/04/16,22923
2018/04/17,22251
2018/04/18,20823
2018/04/19,21853
2018/04/20,22322
2018/04/21,26416
2018/04/22,24244
2018/04/23,32778
2018/04/24,39034
2018/04/25,32277
2018/04/26,28012
2018/04/27,23927
2018/04/28,20707
2018/04/29,22899
2018/04/30,21235
2018/05/01,22345
2018/05/02,22845
2018/05/03,21888
2018/05/04,21845
2018/05/05,26531
2018/05/06,21560
2018/05/07,20120
2018/05/08,18752
2018/05/09,17990
2018/05/10,18843
2018/05/11,19660
2018/05/12,17229
2018/05/13,17133
2018/05/14,19389
2018/05/15,21123
2018/05/16,19781
2018/05/17,20770
2018/05/18,20202
2018/05/19,17247
2018/05/20,18448
2018/05/21,19802
2018/05/22,18017
2018/05/23,19611
2018/05/24,17732
2018/05/25,18032
2018/05/26,15775
2018/05/27,17270
2018/05/28,17979
2018/05/29,19227
2018/05/30,19800
2018/05/31,18928
2018/06/01,18471
2018/06/02,16847
2018/06/03,16966
2018/06/04,18883
2018/06/05,20020
2018/06/06,19892
2018/06/07,19638
2018/06/08,20170
2018/06/09,17827
2018/06/10,16908
2018/06/11,19136
2018/06/12,21896
2018/06/13,20671
2018/06/14,21647
2018/06/15,24881
2018/06/16,19807
2018/06/17,17825
2018/06/18,21717
2018/06/19,21319
2018/06/20,19476
2018/06/21,17273
2018/06/22,17600
2018/06/23,14447
2018/06/24,13835
2018/06/25,16615
2018/06/26,17436
2018/06/27,17438
2018/06/28,16486
2018/06/29,15426
2018/06/30,13673
2018/07/01,12296
2018/07/02,13269
2018/07/03,15575
2018/07/04,16054
2018/07/05,14007
2018/07/06,15834
2018/07/07,14029
2018/07/08,12901
2018/07/09,14276
2018/07/10,16919
2018/07/11,15593
2018/07/12,13922
2018/07/13,12627
2018/07/14,10603
2018/07/15,13146
2018/07/16,12769
2018/07/17,14974
2018/07/18,13865
2018/07/19,13918
2018/07/20,14646
2018/07/21,12959
2018/07/22,11419
2018/07/23,12976
2018/07/24,14679
2018/07/25,14514
2018/07/26,14076
2018/07/27,11581
2018/07/28,9653
2018/07/29,9679
2018/07/30,12101
2018/07/31,13385
2018/08/01,12869
2018/08/02,11583
2018/08/03,12600
2018/08/04,10888
2018/08/05,10429
2018/08/06,11947
2018/08/07,12577
2018/08/08,11572
2018/08/09,11100
2018/08/10,10534
2018/08/11,9562
2018/08/12,8468
2018/08/13,10911
2018/08/14,11625
2018/08/15,11032
2018/08/16,10612
2018/08/17,10852
2018/08/18,9317
2018/08/19,8761
2018/08/20,10237
2018/08/21,10286
2018/08/22,9174
2018/08/23,9521
2018/08/24,10679
2018/08/25,10429
2018/08/26,9649
2018/08/27,11115
2018/08/28,12131
2018/08/29,13346
2018/08/30,14935
2018/08/31,15383
2018/09/01,10518
2018/09/02,11483
2018/09/03,13320
2018/09/04,13959
2018/09/05,13310
2018/09/06,12656
2018/09/07,11959
2018/09/08,11787
2018/09/09,13013
2018/09/10,14458
2018/09/11,13455
2018/09/12,12563
2018/09/13,13371
2018/09/14,12846
2018/09/15,10321
2018/09/16,10279
2018/09/17,11921
2018/09/18,13557
2018/09/19,12245
2018/09/20,11252
2018/09/21,11849
2018/09/22,10075
2018/09/23,9221
2018/09/24,11121
2018/09/25,10803
2018/09/26,12399
2018/09/27,12058
2018/09/28,10250
2018/09/29,10778
2018/09/30,9840
2018/10/01,11229
2018/10/02,12271
2018/10/03,12321
2018/10/04,12111
2018/10/05,14693
2018/10/06,10697
2018/10/07,8532
2018/10/08,10710
2018/10/09,10318
2018/10/10,10689
2018/10/11,11221
2018/10/12,10146
2018/10/13,8838
2018/10/14,8516
2018/10/15,14303
2018/10/16,14178
2018/10/17,10744
2018/10/18,12042
2018/10/19,9661
2018/10/20,8751
2018/10/21,7883
2018/10/22,9928
2018/10/23,11280
2018/10/24,12042
2018/10/25,10803
2018/10/26,9886
2018/10/27,8654
2018/10/28,8425
2018/10/29,10624
2018/10/30,8707
2018/10/31,8468
2018/11/01,7678
2018/11/02,7999
2018/11/03,6256
2018/11/04,7597
2018/11/05,7488
2018/11/06,7415
2018/11/07,7949
2018/11/08,8729
2018/11/09,8879
2018/11/10,8780
2018/11/11,7069
2018/11/12,10383
2018/11/13,7892
2018/11/14,9446
2018/11/15,7922
2018/11/16,6018
2018/11/17,5891
2018/11/18,4941
2018/11/19,6800
2018/11/20,6639
2018/11/21,6214
2018/11/22,5709
2018/11/23,5971
2018/11/24,5387
2018/11/25,5090
2018/11/26,6607
2018/11/27,6232
2018/11/28,6651
2018/11/29,6296
2018/11/30,5172
2018/12/01,5182
2018/12/02,4054
2018/12/03,5647
2018/12/04,5846
2018/12/05,6799
2018/12/06,null
2018/12/07,7960
2018/12/08,6119
2018/12/09,5542
2018/12/10,5193
2018/12/11,5051
2018/12/12,5114
2018/12/13,5936
2018/12/14,5193
2018/12/15,4054
2018/12/16,4175
2018/12/17,5563
2018/12/18,5622
2018/12/19,6555
2018/12/20,7404
2018/12/21,6817
2018/12/22,5356
2018/12/23,5561
2018/12/24,5624
2018/12/25,5484
2018/12/26,5472
2018/12/27,6689
2018/12/28,5983
2018/12/29,6636
2018/12/30,5866
2018/12/31,4953
2019/01/01,4259
2019/01/02,5770
2019/01/03,5651
2019/01/04,5716
2019/01/05,5306
2019/01/06,4943
2019/01/07,6101
2019/01/08,6291
2019/01/09,5529
2019/01/10,6232
2019/01/11,5170
2019/01/12,4277
2019/01/13,4805
2019/01/14,6104
2019/01/15,6858
2019/01/16,6989
2019/01/17,5989
2019/01/18,5142
2019/01/19,5088
2019/01/20,4623
2019/01/21,4532
2019/01/22,4875
2019/01/23,5182
2019/01/24,5977
2019/01/25,5519
2019/01/26,5476
2019/01/27,4601
2019/01/28,7092
2019/01/29,6104
2019/01/30,6534
2019/01/31,6358
2019/02/01,4182
2019/02/02,4623
2019/02/03,5250
2019/02/04,5596
2019/02/05,4877
2019/02/06,4763
2019/02/07,4724
2019/02/08,4644
2019/02/09,4551
2019/02/10,3650
2019/02/11,4699
2019/02/12,4456
2019/02/13,4972
2019/02/14,4997
2019/02/15,4579
2019/02/16,4190
2019/02/17,4412
2019/02/18,6086
2019/02/19,5261
2019/02/20,4891
2019/02/21,4536
2019/02/22,4460
2019/02/23,4337
2019/02/24,4832
2019/02/25,4930
2019/02/26,5000
2019/02/27,4974
2019/02/28,5382
2019/03/01,5025
2019/03/02,4409
2019/03/03,4186
2019/03/04,4843
2019/03/05,5141
2019/03/06,4923
2019/03/07,4484
2019/03/08,4431
2019/03/09,3751
2019/03/10,3626
2019/03/11,4751
2019/03/12,5027
2019/03/13,4509
2019/03/14,4392
2019/03/15,3875
2019/03/16,3520
2019/03/17,3346
2019/03/18,4349
2019/03/19,3994
2019/03/20,4495
2019/03/21,3953
2019/03/22,3844
2019/03/23,3887
2019/03/24,4063
2019/03/25,4249
2019/03/26,4494
2019/03/27,5019
2019/03/28,5239
2019/03/29,4597
2019/03/30,4592
2019/03/31,4025
2019/04/01,4524
2019/04/02,5067
2019/04/03,5145
2019/04/04,4443
2019/04/05,4036
2019/04/06,4592
2019/04/07,5369
2019/04/08,5941
2019/04/09,4382
2019/04/10,4450
2019/04/11,4765
2019/04/12,4508
2019/04/13,4030
2019/04/14,4302
2019/04/15,4433
2019/04/16,4830
2019/04/17,5906
2019/04/18,5855
2019/04/19,5033
2019/04/20,4939
2019/04/21,5636
2019/04/22,5821
2019/04/23,6310
2019/04/24,6588
2019/04/25,5783
2019/04/26,4559
2019/04/27,4344
2019/04/28,4347
2019/04/29,4426
2019/04/30,5642
2019/05/01,4946
2019/05/02,4366
2019/05/03,4840
2019/05/04,4598
2019/05/05,3989
2019/05/06,4825
2019/05/07,5495
2019/05/08,4816
2019/05/09,3830
2019/05/10,4272
2019/05/11,5644
2019/05/12,4824
2019/05/13,5181
2019/05/14,6042
2019/05/15,6138
2019/05/16,6416
2019/05/17,5501
2019/05/18,4450
2019/05/19,4568
2019/05/20,5212
2019/05/21,5154
2019/05/22,4842
2019/05/23,4888
2019/05/24,7457
2019/05/25,7118
2019/05/26,6179
2019/05/27,6215
2019/05/28,6006
2019/05/29,5514
2019/05/30,6116
2019/05/31,5013
2019/06/01,4189
2019/06/02,3724
2019/06/03,5160
2019/06/04,5116
2019/06/05,4563
2019/06/06,4234
2019/06/07,3814
2019/06/08,3583
2019/06/09,4142
2019/06/10,4615
2019/06/11,4973
2019/06/12,7642
2019/06/13,9811
2019/06/14,8100
2019/06/15,6299
2019/06/16,8700
2019/06/17,9308
2019/06/18,7346
2019/06/19,6837
2019/06/20,6487
2019/06/21,6497
2019/06/22,5988
2019/06/23,4915
2019/06/24,6423
2019/06/25,5481
2019/06/26,6915
2019/06/27,5920
2019/06/28,5910
2019/06/29,5903
2019/06/30,4817
2019/07/01,5281
2019/07/02,5333
2019/07/03,9184
2019/07/04,6762
2019/07/05,4967
2019/07/06,4356
2019/07/07,4347
2019/07/08,5804
2019/07/09,7138
2019/07/10,8031
2019/07/11,6569
2019/07/12,5919
2019/07/13,5733
2019/07/14,5176
2019/07/15,5909
2019/07/16,6359
2019/07/17,6507
2019/07/18,5894
2019/07/19,5372
2019/07/20,4475
2019/07/21,4397
2019/07/22,5911
2019/07/23,5467
2019/07/24,5089
2019/07/25,4969
2019/07/26,5190
2019/07/27,4250
2019/07/28,4264
2019/07/29,5350
2019/07/30,7717
2019/07/31,10191
2019/08/01,5972
2019/08/02,5265
2019/08/03,4363
2019/08/04,4009
2019/08/05,4908
2019/08/06,4725
2019/08/07,4853
2019/08/08,4482
2019/08/09,4081
2019/08/10,3650
2019/08/11,3638
2019/08/12,4050
2019/08/13,4449
2019/08/14,4277
2019/08/15,4256
2019/08/16,4367
2019/08/17,3748
2019/08/18,3685
2019/08/19,4546
2019/08/20,4244
2019/08/21,4269
2019/08/22,4324
2019/08/23,4246
2019/08/24,3679
2019/08/25,3400
2019/08/26,4377
2019/08/27,4440
2019/08/28,4817
2019/08/29,4515
2019/08/30,4258
2019/08/31,3330
2019/09/01,2905
2019/09/02,3703
2019/09/03,3571
2019/09/04,3783
2019/09/05,3841
2019/09/06,3601
2019/09/07,3396
2019/09/08,3290
2019/09/09,3667
2019/09/10,4014
2019/09/11,3854
2019/09/12,4229
2019/09/13,3865
2019/09/14,3397
2019/09/15,3606
2019/09/16,4515
2019/09/17,4583
2019/09/18,4314
2019/09/19,4520
2019/09/20,4428
2019/09/21,3540
2019/09/22,3226
2019/09/23,4044
2019/09/24,4297
2019/09/25,4238
2019/09/26,3938
2019/09/27,3882
2019/09/28,3516
2019/09/29,3650
2019/09/30,4510
2019/10/01,3797
2019/10/02,3513
2019/10/03,3434
2019/10/04,3327
2019/10/05,3532
2019/10/06,3141
2019/10/07,4045
2019/10/08,4242
2019/10/09,4426
2019/10/10,4622
2019/10/11,4516
2019/10/12,3769
2019/10/13,3706
2019/10/14,4193
2019/10/15,4525
2019/10/16,3991
2019/10/17,3714
2019/10/18,3365
2019/10/19,3221
2019/10/20,3403
2019/10/21,3275
2019/10/22,3874
2019/10/23,3813
2019/10/24,3751
2019/10/25,3962
2019/10/26,3715
2019/10/27,3129
2019/10/28,3710
2019/10/29,4693
2019/10/30,4088
2019/10/31,4026
2019/11/01,3420
2019/11/02,3428
2019/11/03,3582
2019/11/04,4158
2019/11/05,3882
2019/11/06,4159
2019/11/07,3422
2019/11/08,3196
2019/11/09,3074
2019/11/10,3065
2019/11/11,3789
2019/11/12,3573
2019/11/13,3679
2019/11/14,3658
2019/11/15,4035
2019/11/16,3536
2019/11/17,3272
2019/11/18,3759
2019/11/19,5559
2019/11/20,4708
2019/11/21,4012
2019/11/22,4443
2019/11/23,3602
2019/11/24,3232
2019/11/25,3348
2019/11/26,3539
2019/11/27,4156
2019/11/28,3137
2019/11/29,3912
2019/11/30,3119
2019/12/01,3174
2019/12/02,3678
2019/12/03,3741
2019/12/04,3638
2019/12/05,3433
2019/12/06,3141
2019/12/07,3203
2019/12/08,3404
2019/12/09,3592
2019/12/10,3201
2019/12/11,3254
2019/12/12,3032
2019/12/13,3068
2019/12/14,2683
2019/12/15,2489
2019/12/16,2995
2019/12/17,2816
2019/12/18,3134
2019/12/19,3075
2019/12/20,2523
2019/12/21,2329
2019/12/22,2571
2019/12/23,2693
2019/12/24,2466
2019/12/25,2463
2019/12/26,3040
2019/12/27,2923
2019/12/28,2605
2019/12/29,2505
2019/12/30,2799
2019/12/31,2418
2020/01/01,2161
2020/01/02,3019
2020/01/03,2750
2020/01/04,2250
2020/01/05,2321
2020/01/06,2762
2020/01/07,2861
2020/01/08,2647
2020/01/09,3260
2020/01/10,3759
2020/01/11,2808
2020/01/12,2602
2020/01/13,3126
2020/01/14,3585
2020/01/15,3644
2020/01/16,3536
2020/01/17,3482
2020/01/18,3331
2020/01/19,3264
2020/01/20,3912
2020/01/21,4214
2020/01/22,3625
2020/01/23,3629
2020/01/24,3076
2020/01/25,2930
2020/01/26,2833
2020/01/27,3146
2020/01/28,3951
2020/01/29,3844
2020/01/30,3928
2020/01/31,3507
2020/02/01,3298
2020/02/02,3924
2020/02/03,4094
2020/02/04,3989
2020/02/05,4835
2020/02/06,4277
2020/02/07,4363
2020/02/08,3934
2020/02/09,4307
2020/02/10,3940
2020/02/11,4876
2020/02/12,5840
2020/02/13,6045
2020/02/14,3995
2020/02/15,3712
2020/02/16,3174
2020/02/17,4413
2020/02/18,5403
2020/02/19,4294
2020/02/20,4128
2020/02/21,4166
2020/02/22,4822
2020/02/23,4097
2020/02/24,4748
2020/02/25,3707
2020/02/26,4174
2020/02/27,4109
2020/02/28,6553
2020/02/29,4712
2020/03/01,3433
2020/03/02,4780
2020/03/03,3540
2020/03/04,4265
2020/03/05,4149
2020/03/06,3379
2020/03/07,2936
2020/03/08,3217
2020/03/09,3012
2020/03/10,3275
2020/03/11,3044
2020/03/12,4013
2020/03/13,3492
2020/03/14,2441
2020/03/15,2234
2020/03/16,2651
2020/03/17,3001
2020/03/18,2566
2020/03/19,2479
2020/03/20,2770
2020/03/21,2575
2020/03/22,2904
2020/03/23,2652
2020/03/24,2607
2020/03/25,2713
2020/03/26,2910
2020/03/27,2498
2020/03/28,3254
2020/03/29,2748
2020/03/30,2513
2020/03/31,2682
2020/04/01,2749
2020/04/02,2575
2020/04/03,2672
2020/04/04,2814
2020/04/05,2283
2020/04/06,3413
2020/04/07,4052
2020/04/08,3163
2020/04/09,2818
2020/04/10,2801
2020/04/11,3019
2020/04/12,2920
2020/04/13,3132
2020/04/14,4488
2020/04/15,3129
2020/04/16,4429
2020/04/17,3592
2020/04/18,5103
2020/04/19,5176
2020/04/20,4023
2020/04/21,5437
2020/04/22,5296
2020/04/23,5692
2020/04/24,4233
2020/04/25,3861
2020/04/26,5986
2020/04/27,4227
2020/04/28,4309
2020/04/29,4554
2020/04/30,4570
2020/05/01,6749
2020/05/02,5369
2020/05/03,5292
2020/05/04,3923
2020/05/05,4672
2020/05/06,4393
2020/05/07,3894
2020/05/08,3870
2020/05/09,4038
2020/05/10,2760
2020/05/11,3923
2020/05/12,4661
2020/05/13,4296
2020/05/14,5462
2020/05/15,3888
2020/05/16,3445
2020/05/17,3954
2020/05/18,5434
2020/05/19,5521
2020/05/20,5284
2020/05/21,5992
2020/05/22,4502
2020/05/23,3445
2020/05/24,4564
2020/05/25,5192
2020/05/26,4945
2020/05/27,4335
2020/05/28,3474
2020/05/29,5122
2020/05/30,4695
2020/05/31,3985
2020/06/01,4614
2020/06/02,4719
2020/06/03,3716
2020/06/04,4122
2020/06/05,4207
2020/06/06,4816
2020/06/07,3361
2020/06/08,6127
2020/06/09,5477
2020/06/10,5872
2020/06/11,4404
2020/06/12,3678
2020/06/13,5230
2020/06/14,5036
2020/06/15,4998
2020/06/16,5431
2020/06/17,8035
2020/06/18,5129
2020/06/19,4513
2020/06/20,3483
2020/06/21,3878
2020/06/22,5265
2020/06/23,5223
2020/06/24,4538
2020/06/25,3298
2020/06/26,3521
2020/06/27,3164
2020/06/28,4318
2020/06/29,4349
2020/06/30,3845
2020/07/01,4544
2020/07/02,4332
2020/07/03,4064
2020/07/04,4052
2020/07/05,3666
2020/07/06,5520
2020/07/07,5571
2020/07/08,5357
2020/07/09,4253
2020/07/10,10018
2020/07/11,5952
2020/07/12,5084
2020/07/13,7493
2020/07/14,5033
2020/07/15,3792
2020/07/16,4095
2020/07/17,3609
2020/07/18,null
2020/07/19,3418
2020/07/20,3521
2020/07/21,4436
2020/07/22,5609
2020/07/23,7211
2020/07/24,6596
2020/07/25,7078
2020/07/26,5901
2020/07/27,6908
2020/07/28,5404
2020/07/29,7099
2020/07/30,8472
2020/07/31,6756
2020/08/01,8828
2020/08/02,12290
2020/08/03,11558
2020/08/04,9095
2020/08/05,7857
2020/08/06,10650
2020/08/07,11080
2020/08/08,6259
2020/08/09,6486
2020/08/10,6523
2020/08/11,5735
2020/08/12,6442
2020/08/13,8445
2020/08/14,8426
2020/08/15,6443
2020/08/16,5871
2020/08/17,6165
2020/08/18,5653
2020/08/19,5234
2020/08/20,5204
2020/08/21,4887
2020/08/22,5202
2020/08/23,6153
2020/08/24,6115
2020/08/25,6068
2020/08/26,7461
2020/08/27,9005
2020/08/28,6517
2020/08/29,6138
2020/08/30,5862
2020/08/31,6420
2020/09/01,12058
2020/09/02,7617
2020/09/03,6715
2020/09/04,5321
2020/09/05,5590
2020/09/06,9573
2020/09/07,9802
2020/09/08,8913
2020/09/09,5891
2020/09/10,6306
2020/09/11,7083
2020/09/12,6739
2020/09/13,9144
2020/09/14,7276
2020/09/15,8857
2020/09/16,6985
2020/09/17,8006
2020/09/18,8422
2020/09/19,8173
2020/09/20,7237
2020/09/21,5802
2020/09/22,6579
2020/09/23,6825
2020/09/24,8710
2020/09/25,11497
2020/09/26,7610
2020/09/27,6694
2020/09/28,7340
2020/09/29,5738
2020/09/30,5677
2020/10/01,8086
2020/10/02,11339
2020/10/03,7397
2020/10/04,9397
2020/10/05,8508
2020/10/06,5192
2020/10/07,11569
2020/10/08,13049
2020/10/09,14043
2020/10/10,6577
2020/10/11,8248
2020/10/12,7241
2020/10/13,8311
2020/10/14,9095
2020/10/15,8731
2020/10/16,12522
2020/10/17,15998
2020/10/18,21066
2020/10/19,19447
2020/10/20,15321
2020/10/21,8048
2020/10/22,8587
2020/10/23,6199
2020/10/24,7755
2020/10/25,9459
2020/10/26,8140
2020/10/27,6860
2020/10/28,9320
2020/10/29,8022
2020/10/30,7375
2020/10/31,5592
2020/11/01,7593
2020/11/02,11233
2020/11/03,7229
2020/11/04,6905
2020/11/05,6444
2020/11/06,7494
2020/11/07,7694
2020/11/08,6252
2020/11/09,11813
2020/11/10,8386
2020/11/11,13481
2020/11/12,9993
2020/11/13,8850
2020/11/14,10032
2020/11/15,12977
2020/11/16,10906
2020/11/17,13800
2020/11/18,6823
2020/11/19,6267
2020/11/20,9980
2020/11/21,10578
2020/11/22,9386
2020/11/23,10300
2020/11/24,7888
2020/11/25,5570
2020/11/26,6361
2020/11/27,8541
2020/11/28,7852
2020/11/29,8112
2020/11/30,11239
2020/12/01,12445
2020/12/02,7720
2020/12/03,7394
2020/12/04,6567
2020/12/05,4615
2020/12/06,7304
2020/12/07,7295
2020/12/08,8204
2020/12/09,12365
2020/12/10,7850
2020/12/11,5867
2020/12/12,5604
2020/12/13,7473
2020/12/14,6330
2020/12/15,5034
2020/12/16,12192
2020/12/17,10518
2020/12/18,13693
2020/12/19,10850
2020/12/20,8331
2020/12/21,8956
2020/12/22,6283
2020/12/23,7519
2020/12/24,6321
2020/12/25,5274
2020/12/26,7737
2020/12/27,11866
2020/12/28,11910
2020/12/29,6686
2020/12/30,6759
2020/12/31,6848
2021/01/01,6939
2021/01/02,8771
2021/01/03,19081
2021/01/04,20818
2021/01/05,12811
2021/01/06,13526
2021/01/07,11368
2021/01/08,10659
2021/01/09,9498
2021/01/10,12392
2021/01/11,14501
2021/01/12,10584
2021/01/13,9061
2021/01/14,9367
2021/01/15,16638
2021/01/16,9089
2021/01/17,9528
2021/01/18,11562
2021/01/19,30134
2021/01/20,14704
2021/01/21,14809
2021/01/22,10661
2021/01/23,9344
2021/01/24,13600
2021/01/25,18718
2021/01/26,12601
2021/01/27,13422
2021/01/28,14092
2021/01/29,14839
2021/01/30,12159
2021/01/31,9987
2021/02/01,12505
2021/02/02,23049
2021/02/03,22956
2021/02/04,18854
2021/02/05,19705
2021/02/06,16662
2021/02/07,13541
2021/02/08,15271
2021/02/09,20495
2021/02/10,15824
2021/02/11,12603
2021/02/12,14288
2021/02/13,12381
2021/02/14,12313
2021/02/15,14203
2021/02/16,18965
2021/02/17,17016
2021/02/18,17809
2021/02/19,13291
2021/02/20,17689
2021/02/21,10868
2021/02/22,15010
2021/02/23,16288
2021/02/24,12805
2021/02/25,11221
2021/02/26,12095
2021/02/27,11924
2021/02/28,11789
2021/03/01,11864
2021/03/02,11059
2021/03/03,13188
2021/03/04,10699
2021/03/05,12095
2021/03/06,9476
2021/03/07,14052
2021/03/08,13060
2021/03/09,13572
2021/03/10,12506
2021/03/11,16141
2021/03/12,18020
2021/03/13,17682
2021/03/14,14700
2021/03/15,14038
2021/03/16,15452
2021/03/17,12552
2021/03/18,15854
2021/03/19,17158
2021/03/20,12673
2021/03/21,13575
2021/03/22,20654
2021/03/23,16517
2021/03/24,15197
2021/03/25,18323
2021/03/26,15693
2021/03/27,12069
2021/03/28,11965
2021/03/29,22005
2021/03/30,15532
2021/03/31,18808
2021/04/01,8591
2021/04/02,10781
2021/04/03,34171
2021/04/04,28198
2021/04/05,13478
2021/04/06,8368
2021/04/07,32378
2021/04/08,33661
2021/04/09,27584
2021/04/10,28165
2021/04/11,22446
2021/04/12,27353
2021/04/13,35202
2021/04/14,44170
2021/04/15,34130
2021/04/16,37022
2021/04/17,27593
2021/04/18,44299
2021/04/19,34261
2021/04/20,24962
2021/04/21,27470
2021/04/22,24889
2021/04/23,16503
2021/04/24,21274
2021/04/25,16370
2021/04/26,15942
2021/04/27,19937
2021/04/28,29483
2021/04/29,40573
2021/04/30,31070
2021/05/01,32934
2021/05/02,22312
2021/05/03,45092
2021/05/04,32641
2021/05/05,24782
2021/05/06,36078
2021/05/07,31694
2021/05/08,29966
2021/05/09,21281
2021/05/10,33925
2021/05/11,23569
2021/05/12,31930
2021/05/13,25354
2021/05/14,23844
2021/05/15,18511
2021/05/16,19008
2021/05/17,23003
2021/05/18,30883
2021/05/19,47328
2021/05/20,31240
2021/05/21,29786
2021/05/22,26168
2021/05/23,26923
2021/05/24,25170
2021/05/25,23147
2021/05/26,29736
2021/05/27,29184
2021/05/28,33173
2021/05/29,28110
2021/05/30,18637
2021/05/31,20195
2021/06/01,18813
2021/06/02,18551
2021/06/03,17495
2021/06/04,20887
2021/06/05,36725
2021/06/06,27535
2021/06/07,26752
2021/06/08,20561
2021/06/09,29360
2021/06/10,26529
2021/06/11,25413
2021/06/12,26489
2021/06/13,26452
2021/06/14,37817
2021/06/15,34658
2021/06/16,32356
2021/06/17,31273
2021/06/18,22102
2021/06/19,14446
2021/06/20,17641
2021/06/21,18085
2021/06/22,20787
2021/06/23,27428
2021/06/24,27032
2021/06/25,20816
2021/06/26,20099
2021/06/27,14921
2021/06/28,26153
2021/06/29,27967
2021/06/30,23377
2021/07/01,23095
2021/07/02,29924
2021/07/03,29342
2021/07/04,20533
2021/07/05,21048
2021/07/06,24745
2021/07/07,29445
2021/07/08,31441
2021/07/09,23852
2021/07/10,20983
2021/07/11,19809
2021/07/12,25346
2021/07/13,25896
2021/07/14,26610
2021/07/15,22549
2021/07/16,17381
2021/07/17,19674
2021/07/18,24221
2021/07/19,19768
2021/07/20,26513
2021/07/21,32606
2021/07/22,29734
2021/07/23,30862
2021/07/24,30240
2021/07/25,24998
2021/07/26,24806
2021/07/27,38559
2021/07/28,26647
2021/07/29,25963
2021/07/30,32211
2021/07/31,31256
2021/08/01,31066
2021/08/02,44042
2021/08/03,28971
2021/08/04,35914
2021/08/05,59950
2021/08/06,38799
2021/08/07,44326
2021/08/08,43105
2021/08/09,42178
2021/08/10,38684
2021/08/11,43492
2021/08/12,37591
2021/08/13,31280
2021/08/14,22429
2021/08/15,21107
2021/08/16,31044
2021/08/17,19925
2021/08/18,25625
2021/08/19,25767
2021/08/20,20393
2021/08/21,22018
2021/08/22,21837
2021/08/23,37143
2021/08/24,26620
2021/08/25,27634
2021/08/26,22451
2021/08/27,30536
2021/08/28,22253
2021/08/29,25430
2021/08/30,29169
2021/08/31,34500
2021/09/01,39148
2021/09/02,29021
2021/09/03,37655
2021/09/04,31096
2021/09/05,21893
2021/09/06,28865
2021/09/07,27853
2021/09/08,27909
2021/09/09,31098
2021/09/10,27963
2021/09/11,21104
2021/09/12,23123
2021/09/13,25019
2021/09/14,25406
2021/09/15,27473
2021/09/16,26187
2021/09/17,30198
2021/09/18,26790
2021/09/19,10143
